dr-backlog-never-started__crit0.txt	128	0fb4ff476d8b8c0e62b2b0b57b676b6420a9f86801d5d9178bf5ab9942895353
dr-backlog-never-started__crit1.txt	187	1e87854a64441acdb74467e6a24470900a9efe9bf68af98bfac7869d4da31f7e
dr-backlog-never-started__crit2.txt	118	9557a6065349e4e676f7054ac41f867a4048c18125b262ff4e638b8dbdb0c3d7
dr-bl-500-caption-lie__crit0.txt	115	7cb2918b1948897b9ca866744ebe7b3ba394b924efdd0866388998b350482c11
dr-bl-500-caption-lie__crit1.txt	154	5f98328451262b6e2df2a236295dd92402ba9c67245c6da1f8e9956484145876
dr-bl-500-caption-lie__crit2.txt	128	dbc9fbfcadfd7cc693d04d0732011627eb2922cacbee36f17ba7a36f596e9923
dr-bl-500-caption-lie__crit3.txt	138	79e987d1cafca95f8d20f6e709c9a904b85dc532075a39f7e475724651806983
dr-bl-500-caption-lie__crit4.txt	30	4efe2a7638db14fd5475fa5836974c813d22ae5ea421e316b13b442421787d48
dr-bl-attention-ladder-double-pin__crit0.txt	182	c353c14149ca3dfd642cdc9808c722e11f8377f0f8764c2801f5641dc1c9d618
dr-bl-attention-ladder-double-pin__crit1.txt	130	a1a2d67da959d6d93aa95796aab7b46b4ed19c140dabcc04273adb5ec81379a3
dr-bl-attention-ladder-double-pin__crit2.txt	225	5c19978ba96e0d7f925994bebecd6184acba796d4eb608b4224dea97a5086767
dr-bl-attention-ladder-double-pin__crit3.txt	157	afd952f74be2717794f2471f2371a637f046d1b7e6a6065ef9904d6526ad4408
dr-bl-builder-console-narration-latch__crit0.txt	196	93147b20875da9e0709dda677158a4e361fa5203162f5ba8a3cfc03eb31a7c33
dr-bl-builder-console-narration-latch__crit1.txt	157	8c510f2614787f895ed78612218b4becae10d84da90ba1c097a13a02b7ae8785
dr-bl-builder-console-narration-latch__crit2.txt	201	69b03697ba16fac87d55f082b6f917786738af59c1b297437c5cceaeed51fd65
dr-bl-capabilities-read-needs-no-database__crit0.txt	205	7bf58c648ea0f50bdb3317019622658f50bcb44dd2ac080395745faa5fbf11d0
dr-bl-capabilities-read-needs-no-database__crit1.txt	136	841c70702a5a5fbb4ddeb62512c364db4ce8ab8943c7a1ea055a3ce06388d492
dr-bl-capabilities-read-needs-no-database__crit2.txt	158	fda3bcb14b2b1f9c973eb51645cb04bbd064890d9a8f1072abf0f6dc29b74e76
dr-bl-console-failure-class-pill__crit0.txt	173	3e82db25ccda17b7cc0aad40daee6b91773795d5502f27ea06033eece99d7aac
dr-bl-console-failure-class-pill__crit1.txt	151	5fd68e04b486fb967f0879790e30a269fb3c5b7f7aae8f1d32ce231e7ee9ab22
dr-bl-console-failure-class-pill__crit2.txt	133	27fcf1d15cae034d3ff0172a7a801934720246e64de8f7ab9f6d00f4dd159c07
dr-bl-console-failure-class-pill__crit3.txt	137	e30a838c6d0b3c4c49e75c05985ccd32691c57ddbeb5f301528ff5e2bb05defc
dr-bl-console-line-never-ansi-stripped__crit0.txt	125	b639f0fac854b75d822b48b4e5a928b0c439ac23a29c13b4b355fc2b55a174d5
dr-bl-console-line-never-ansi-stripped__crit1.txt	273	241f8b94c2271456b72ccc2c94c27c37fe1ec4fc2ab9d9d755a7ebb5f466218a
dr-bl-console-line-never-ansi-stripped__crit2.txt	189	f0a272816c79adea7aa958071fc506fbbc2820e109cc4b484c96bb63094059fa
dr-bl-deferral-requeue-failure-untested__crit0.txt	171	9d9bbd8a83c0bc79251289547814cf594748711f12aa1c33fe4035e0854c7c97
dr-bl-deferral-requeue-failure-untested__crit1.txt	69	c26fc1b25b4343bec438037dbb3939eaea4afec0339ab224ef0c6f13ba68ce89
dr-bl-deferral-requeue-failure-untested__crit2.txt	86	549c1284e777a6563b71f8bcbe2cade74a434a042f02519b55531a31c407e61f
dr-bl-deferral-scheduled-vs-actual-gap__crit0.txt	123	d1647998934178aab1986b92306c32f04fb488aa4ed1b50453d7efecfe90e678
dr-bl-deferral-scheduled-vs-actual-gap__crit1.txt	128	b680f858765910ed013be39e65cf32d5d666be69653341c3f3c81c7463a3d2ce
dr-bl-deferral-scheduled-vs-actual-gap__crit2.txt	149	e56d862796529b2a5e65e050b7f034dc197c577828306837a706358968783fe2
dr-bl-deploy-yml-instance-filter-excludes-cmd__crit0.txt	121	98c3a10142609d20ca18278eac3bf149599863ef51cd6b2b18418a82fc413d37
dr-bl-deploy-yml-instance-filter-excludes-cmd__crit1.txt	129	bb61f44b99aa967517bfdfebfddf116f676e54ea6d31a7deedadcea0e4204821
dr-bl-deployments-table-grows-forever__crit0.txt	184	f61f3f9aac7f0f69cc6d696fcfebb75800e3f50a5434c5b1cd935223c8103b55
dr-bl-deployments-table-grows-forever__crit1.txt	139	bb9aa131d46f4d158891b34324a19d222ce52377f923167b3b714f2fea2b3001
dr-bl-graph-phantom-id-exposure__crit0.txt	338	cc3ba2044ba85c8ec97278e0f9379610d6947330a5456248ab21cf791962d937
dr-bl-graph-phantom-id-exposure__crit1.txt	261	38a5fe079a6087f6ebe6b372f9be274b9838c34073a66d1434ff49702a7a142b
dr-bl-graph-phantom-id-exposure__crit2.txt	234	0cf9380502e4cf78a7f8202218f9d8ce407e09afe914d5df25b47621f013fc7b
dr-bl-graph-show-draft-leak__crit0.txt	160	8ddbd49156b0ff4be67f25c217e6daf6f3143fb410380382548e2b97eec94551
dr-bl-graph-show-draft-leak__crit1.txt	151	e09e523dfa3251d402d88e4fba26b530d8eb9744df1d54085ef9440ac286d60a
dr-bl-graph-show-draft-leak__crit2.txt	166	3cbe22d5f77456641195e7c79cb2b3280e9048aad7291e11deb2b5fc071e2271
dr-bl-graph-show-draft-leak__crit3.txt	173	d2d255be3bdc884a893ce0c851f9eec7160f164fe031232be35d8d4488f5a955
dr-bl-graph-show-draft-leak__crit4.txt	30	4efe2a7638db14fd5475fa5836974c813d22ae5ea421e316b13b442421787d48
dr-bl-guerrilla-pg-pool-starvation__crit0.txt	168	ef604d9a676acc84d65caed882a2d1e595ac9ca89d4df40da1ab08a000dafbad
dr-bl-guerrilla-pg-pool-starvation__crit1.txt	149	f94395c14b4299f1fe8a1fc9b3cd5288d6f02fce983c18eff656ec0f4947439b
dr-bl-guerrilla-pg-pool-starvation__crit2.txt	103	a23ec46a7a33c673398f9766c527d49bb9b7fad4a7179ac9f832eff944d8f3bd
dr-bl-health-probe-308__crit0.txt	120	c70567e1eaa6a8df5870deb69b337a2cfd535a2ae3eb85ab8437f60f906fba31
dr-bl-health-probe-308__crit1.txt	173	83ad2cce0d62964a9c38ee8c35b43c24f6a79006ec776ee327e10ca710198264
dr-bl-health-probe-308__crit2.txt	120	138422dd14a71013ff8b8de1c2f69b7b9548670c5843dfc5551893ac4b3079b3
dr-bl-health-probe-308__crit3.txt	78	41916071b03915aa0eacf66c07db3faf418105388d025be747a27b4f7a983f21
dr-bl-health-probe-308__crit4.txt	30	4efe2a7638db14fd5475fa5836974c813d22ae5ea421e316b13b442421787d48
dr-bl-health-token-is-a-guerrilla-snowflake__crit0.txt	162	82de7848460e89837742292a6ecf2e27b0b9e0b83921c7eef2f82af4608b5704
dr-bl-health-token-is-a-guerrilla-snowflake__crit1.txt	118	e0547cfa688525de68e1b538b16a76caff3664e8a7df1e425faaf6afb7b4fcac
dr-bl-health-token-is-a-guerrilla-snowflake__crit2.txt	164	69019e543a4ddab28a2596a70a91c84180a028655d50cfc09da751b37fa2e940
dr-bl-internal-tree-has-no-blocking-gate__crit0.txt	188	6528592270b04424d40db1e0359821079206025888c2d39a71afb4baa9c3f3fb
dr-bl-internal-tree-has-no-blocking-gate__crit1.txt	118	5372edaec21004ec32aa9f7c8af5308cad806955450c886ac0c63acf915a43d4
dr-bl-internal-tree-has-no-blocking-gate__crit2.txt	224	3175f68954193bfae81573cce28b99a972c0e282efd7037ec085f1faaf00da54
dr-bl-jarl-sits-at-95pct-disk-and-ranks-healthy__crit0.txt	199	2e50dc6911016b9acb0b76fef7bb59030a8a4c10c6afdf9f8efbb3e417782d89
dr-bl-jarl-sits-at-95pct-disk-and-ranks-healthy__crit1.txt	124	dd78f376837d38ea135cf43c8ea2a56a7f0eb238f9162c81f2c4fc5802d834ed
dr-bl-journald-backfill-by-unit-build-id__crit0.txt	201	16f04ef142cd98a8d29aed0ddc5799974cf5e8a21bf61747fc6f9d4e478f411b
dr-bl-journald-backfill-by-unit-build-id__crit1.txt	149	064470db7603ad04be8518fee79da7e3a624c5dd3248f23d0df54b0597bab3b7
dr-bl-journald-backfill-by-unit-build-id__crit2.txt	134	b3b67cc1c44eeff298c2b4f7e4216ee3d841724941de315b8afc5a6aa3f65ab8
dr-bl-journald-backfill-by-unit-build-id__crit3.txt	162	bea20efbe529bd6ef71328b99b6f9fbaac791d879cff6ea19c998311804ae19a
dr-bl-map-landing-empty-marker__crit0.txt	112	2e3648a855cc54781549a2bccfb4709b72c37ca847fe53dfd8c5fd8ba884bead
dr-bl-map-landing-empty-marker__crit1.txt	141	f40cfece42cbb63c9d677ba9eab9d8cf35576cdb00db0132f4da5d8dd44a7434
dr-bl-map-landing-empty-marker__crit2.txt	95	8238110fb00301f126721287de88ebb9066f2c205ad46723a640b71c55b5a5ef
dr-bl-map-landing-empty-marker__crit3.txt	139	6f162b86f802378e1b20618ca5773a22df84b30644ab6dbc481650bb31346b9c
dr-bl-preview-scenarios-cession-undecided__crit0.txt	137	1386e780ed2fbfb0aadca939a6d5121f5a8267deea7bd00bef55c9a9b2d32b16
dr-bl-preview-scenarios-cession-undecided__crit1.txt	149	07fcf8e7255cd62c1ed1cff080702b69d4b50f846eb4b9a673d73770a4ec203e
dr-bl-rate-notice__crit0.txt	154	8d2adf822e1f4bcdf153ab8cc740bdbd5008b7c2010c29b18e37f1ada96c3427
dr-bl-rate-notice__crit1.txt	192	fc0ce6a07ccb8d5b256fa68920fb29b835f7bb35df8f46692550454d9e717320
dr-bl-rate-notice__crit2.txt	180	0779d63f5625ff337fd8d4d77c9ce026f37185b20d746f083d481ecb8351a5eb
dr-bl-rate-notice__crit3.txt	108	da2d6d532ffb92943fc9bbfcef2589bc241f2e739a13fba72e259f0bf6d5e40d
dr-bl-rate-notice__crit4.txt	30	4efe2a7638db14fd5475fa5836974c813d22ae5ea421e316b13b442421787d48
dr-bl-recorder-http-read-path__crit0.txt	193	bea129ebfad42f084615249d73670bd90f31d418a7f1f4bcf420a7ea03e93dcd
dr-bl-recorder-http-read-path__crit1.txt	182	bdc3968bf41e131a9cb49746825f5df37c6febd5a0413038e66fe4925689cafb
dr-bl-recorder-http-read-path__crit2.txt	114	3aa48a903e1a8c4fc2f31b7769b27007183e05ffbd4e1a339f8e3d9f8d4410b9
dr-bl-recorder-http-read-path__crit3.txt	197	5d86af97f253919e1c5dfcae9937f7b47afddbe5ad1c5ccd47584daa81c1fd0d
dr-bl-recorder-http-read-path__crit4.txt	204	7578a8c47a6f1993b8df1042406d117fe1510af1c5f88f2978c72e1277349d09
dr-bl-recorder-http-read-path__crit5.txt	184	70ad91e7534c869ddd3477401f811ec8cff08f6a59d64e113b5c7d01407617d2
dr-bl-retire-search-clones__crit0.txt	113	a152681c73dc117a2cacb71b48cde576a7b6d79c639888cf5bb074aa20674449
dr-bl-retire-search-clones__crit1.txt	149	90e1e00b5a948052e4f7f2c760edcd6d73d9b2fd912b54fe45edd06bebe60218
dr-bl-retire-search-clones__crit2.txt	144	2b8cb4be73eb8c98182055798a9d6143ae1a6ee2e6a6e9ec0e669e007e87afbe
dr-bl-retire-search-clones__crit3.txt	127	fc54f727add9d4bfab9bfd6dde8a22c2df4f4f162b4aa1f05cc39731ad38aff8
dr-bl-retire-search-clones__crit4.txt	60	6edbbf0bf7532abfac2e1019dd1f185ea5febb1bb309c0c0766e06222f6df736
dr-bl-seal-predicate-epic-keyed-register__crit0.txt	121	301aaf5e8d81dbc6b954b4769a91194e8d09db3b1218cd9462748f626155cbb6
dr-bl-seal-predicate-epic-keyed-register__crit1.txt	145	a226a0faa5a2488af82bcd1238fc32b0475d570e2f0208005221577681055c76
dr-bl-seal-predicate-epic-keyed-register__crit2.txt	146	53cb786681745fd04b146c46a33a00fc2c6187661946fa16eba41f3eeebc994f
dr-bl-seal-predicate-epic-keyed-register__crit3.txt	119	8a532b218cc4463e663ba34eeac2d7b1be2df082d99cce7634440f7b95bb8b53
dr-bl-shares-token-revoke-is-unscoped__crit0.txt	277	884cd93e37c5f6dfdf522c6e5a539896c1bdcf83a0ffb301890de8c73f65dfe8
dr-bl-shares-token-revoke-is-unscoped__crit1.txt	221	3d1f3c7b2a3cc93e4cdf37e5c4e766c4c99824c1a2938303e395457d5997e26d
dr-bl-shares-token-revoke-is-unscoped__crit2.txt	208	2673167613c4bda7e02c9eeee16ebea39e8de95019bd8215a45cea4c6433f89b
dr-bl-shares-token-revoke-is-unscoped__crit3.txt	247	3a8186c12711b1282148e60172c79f7c6afe0a7c5f7336de2db87d76c38ec197
dr-bl-shares-token-revoke-is-unscoped__crit4.txt	120	838f4462f1cbd22207ef27a0d9891888698c48621919e4bdefaaf3e8bbbc8e6c
dr-bl-spa-unknown-state-buckets-healthy__crit0.txt	172	87b25bff94b6c50fd8d81054f380d70d79581b92282bcdb06ad7237c78c045ff
dr-bl-spa-unknown-state-buckets-healthy__crit1.txt	121	0a97abaef5f9342e31c1b7fe7a9b688f43687094e0f137ee496f75716afef619
dr-bl-spa-unknown-state-buckets-healthy__crit2.txt	150	11582ede6707d194fb053746d4f7c7a718c7a4431f689be2d9ed1326a54dc47f
dr-bl-swap-hygiene-idle-serving-slots__crit0.txt	151	52d533cff612d3b5e48baaf80806fa33fab86cf4800b0c1b83bc2ef40763441e
dr-bl-swap-hygiene-idle-serving-slots__crit1.txt	141	c7cd35eb337ee21b491a06ae8acd8ca1b95febc0c9c6e1236118f50f4f47fa8c
dr-bl-swap-hygiene-idle-serving-slots__crit2.txt	132	3e780478fd85591003a534fb4568b772ef9572312e8a0a31542f8b9314dff221
dr-bl-swap-hygiene-idle-serving-slots__crit3.txt	190	4656258d7df80799c0efe7a924b8a20dd6788cdfdc06b30365eff1d6af65fb3f
dr-bl-token-revoke-route-missing__crit0.txt	156	7f51e3189fdc6b577a7b7c60a99ad0f51caf9657d0c12f0c5480d55a63ad33ed
dr-bl-token-revoke-route-missing__crit1.txt	133	89328d384cfc0e5b446f69f1b59ab1347b5917617806f0b9e6ae3a4d08a8fbac
dr-bl-token-revoke-route-missing__crit2.txt	121	8d4d6b42dcd380461567e2bf8695fb114c13fc7071a850a00cccd25cda3bf98a
dr-bl-token-revoke-route-missing__crit3.txt	79	1e911f5692b30da51454cde545da4357965ece6555f95a05165fed7726273d50
dr-bl-token-revoke-route-missing__crit4.txt	30	4efe2a7638db14fd5475fa5836974c813d22ae5ea421e316b13b442421787d48
dr-bl-traverse-errors-functionclause-500__crit0.txt	169	a654c3cd917ba22119e458545cbef88aed82ecc8e317605d74e045e92d7bdcb4
dr-bl-traverse-errors-functionclause-500__crit1.txt	107	e11f6ddfdd4dce9473d51cc2879c006703f5662935823f09d4907169f8f4c82a
dr-bl-traverse-errors-functionclause-500__crit2.txt	150	e9de22f5b6836c1cb346493221d9c30e5c8a1f8141612fa3088eb08bb42af12e
dr-bl-w19-console-gate-red-on-a-merged-main-commit__crit0.txt	217	6edc2ea340e02f06076ab527078f395e948667a0bd17f137ba7e1508b0244cd2
dr-bl-w19-console-gate-red-on-a-merged-main-commit__crit1.txt	134	ff5db0e7e99b0eed0c10275f5b8899a1ac3d891bc3e1dbb183fd85fed1ac7b8b
dr-bl-w19-console-gate-red-on-a-merged-main-commit__crit2.txt	117	eedfd123b6b552a6ade7063c08bb376ea08143bee15b9dfa357d3ed18939973e
dr-bl-w19-console-gate-red-on-a-merged-main-commit__crit3.txt	192	00c33a08973d3df09f450b97a6c47c90682acac07c87759775c7c46b5fdf5490
dr-bl-w5-500-carries-its-own-name__crit0.txt	261	6f0518d404538b334a1e968eeeea05ac809db9347adb0eb9355c3fa720682d79
dr-bl-w5-500-carries-its-own-name__crit1.txt	160	1adbe6c0043b8bb603d8b770677c42ca3511aa1157ef228a5613bc6a4bacdea1
dr-bl-w5-500-carries-its-own-name__crit2.txt	180	a8479148ff2861f75aa0d8c2d6faa91127597a96aad3715cbc0fc692ff07ec63
dr-bl-w5-500-carries-its-own-name__crit3.txt	166	36c1f97d458ffde61248f2819ee021d5130865f44f3cb23bc16c69b30d9ae5f0
dr-bl-w5-census-is-dark-to-every-human__crit0.txt	199	eff1800d68e040fefb31f2f1f9ec23c5954d200a26a3220241ed908c8ecc6665
dr-bl-w5-census-is-dark-to-every-human__crit1.txt	281	e66e50c3cf7aacd8634b9e41df1bd08fe55fcd726912bc1432bca2e97592807e
dr-bl-w5-census-is-dark-to-every-human__crit2.txt	204	8ebb9c19c0d2b930ef9c1fd1cf267b9230176b7b13eb5608ab22201e0ff86a1a
dr-bl-w5-console-ladder-stays-nine-rungs__crit0.txt	264	c39390926d0ff06b94aad75cc8c652aec80abcf500caefdbf500033eaa1c1c8b
dr-bl-w5-console-ladder-stays-nine-rungs__crit1.txt	259	0960e064c2363578b1c2a78189e43d9a5c48a96249fef9be592b7873d005db0a
dr-bl-w5-console-ladder-stays-nine-rungs__crit2.txt	165	1c602e1663d67eaa1687430745f9ee5dc73613c61c401aab8434306d173ed326
dr-bl-w5-console-ladder-stays-nine-rungs__crit3.txt	166	da9c86974169487b449c086528bdb530566083004f8c1f27c8a4376e1895b073
dr-bl-w5-failed-slot-unit-is-invisible__crit0.txt	161	6203ff13e51cf66ad24bca56384146bf182a5c6d495a1ca556d71710eaee4a93
dr-bl-w5-failed-slot-unit-is-invisible__crit1.txt	150	eefdc979f0c070069b48dec38aaa94d38b8c5223a98e74c15f2ac0ce4e278925
dr-bl-w5-failed-slot-unit-is-invisible__crit2.txt	123	decb739fb9ffdef53e06e734aaf11828564b9aa879cb4cf3f22ac1db83ed1817
dr-bl-w5-graph-route-fails-half-its-requests__crit0.txt	168	eeb70a23bc4b75a1e80d21e66618ac10ba8f62812e35ccb0f687e608cf85ca2a
dr-bl-w5-graph-route-fails-half-its-requests__crit1.txt	224	5613d8b4fd5754c7bb9bd2e85402e886281a818374ccc8ef7a0bb0e49030f292
dr-bl-w5-graph-route-fails-half-its-requests__crit2.txt	121	3c9bb46c7d3536179181c9a340e3f049e5898d2b5a46da0ecfd2f29d7dfaf896
dr-bl-w5-lock-triple-file-stat-unwaived__crit0.txt	167	c92e8bc651f0c330b98be3d8cfe02de21c22d6b2415eb9074aec09ac6bf4978c
dr-bl-w5-lock-triple-file-stat-unwaived__crit1.txt	167	8318b43f682abc1f270115435b0b66224502a129bc66cdb86cdfd37d5eff1047
dr-bl-w5-nothing-in-the-loop-consults-doctor__crit0.txt	231	1cfc7bbd2e856ea501b2ed3595f8839a20808e5c7689eff2f6ee0bf7f91629e3
dr-bl-w5-nothing-in-the-loop-consults-doctor__crit1.txt	218	0b885cae1bb918e928d12aa9c1666b35bf6a1001ae350f6c5dd036d15a7750b3
dr-bl-w5-nothing-in-the-loop-consults-doctor__crit2.txt	121	5d5e46b1fef26bd128cda11a7b465a64d6d7fb2f8ae27b9fa7d6881dd74f0bc6
dr-bl-w5-two-boxes-are-unreachable-or-unreporting__crit0.txt	137	e82c25c59248dd142decf752264aedef907aba4a69b6fc03b708372a04abfb4d
dr-bl-w5-two-boxes-are-unreachable-or-unreporting__crit1.txt	216	e70c9da459c14e601ad0501723746fd6995bc54462501aae76664e1a3a31f9d5
dr-bl-w5-two-boxes-are-unreachable-or-unreporting__crit2.txt	77	35e5f2a5533622e542502b7b5a6f344278c84c926449fa9acabaed3f9dc44f51
dr-bl-w6-bp-ledger-reads-are-silently-vacuous__crit0.txt	207	9136ccd280be958105e72b79c2b013cb4c43a0dcd5130e36f83680fe2141305a
dr-bl-w6-bp-ledger-reads-are-silently-vacuous__crit1.txt	180	35a1baab413e96d27154a35864f6be54e572b2ec9e5584b1419fe1c0d50e29ef
dr-bl-w6-bp-ledger-reads-are-silently-vacuous__crit2.txt	127	519164dbf60c0f54217481d68566f7925de90c9fcad4d712503e8eb2a6cc2b34
dr-bl-w6-console-ladder-handover-collapse-three-rows__crit0.txt	184	a6c2a9fdfdbb6a3554f4bf0a332bc3eb78d0fbb1855e693998c03b4ed834beda
dr-bl-w6-console-ladder-handover-collapse-three-rows__crit1.txt	242	a7e88c92ef8bf48d98fd8fc6182868a14b1fdb6cd088530ed18e3864d1d27682
dr-bl-w6-console-ladder-handover-collapse-three-rows__crit2.txt	192	6089e1446afabe03ea6efed9ad71e3701f9de4d976881d94e2f10cb15e1ae7fa
dr-bl-w6-cut-and-bless-v0-2-26__crit0.txt	156	575dc65f0e90381b8beb57b5ca3ec6d663b001b20aa0010503f7e13f51703fd2
dr-bl-w6-cut-and-bless-v0-2-26__crit1.txt	101	847bacd033e43aa52f32726ef3dd5c57a1d969d61ee32d1a36ff67c322a4e491
dr-bl-w6-cut-and-bless-v0-2-26__crit2.txt	293	afc54d3e7bd33a311ecfa713059bffd1331c819e3663aac9223f86e8e84e6b05
dr-bl-w6-cut-and-bless-v0-2-26__crit3.txt	197	32b71ed955026dd688f02a4e28010996e6d1483fa32cc3f1465f5d9d37d9f1d5
dr-bl-w6-memoryswapmax-not-memoryhigh__crit0.txt	228	6cc5be60b8cba93fd2aab1e7e47cfcfac61123a7d96f994e48dd47b19f293af0
dr-bl-w6-memoryswapmax-not-memoryhigh__crit1.txt	194	1e7569a642e9e466ea6496db91865785bf65e9305a9e3f67ddacc131cc28a557
dr-bl-w6-memoryswapmax-not-memoryhigh__crit2.txt	260	ed8f49b96eeeb220bb92fe1cd6ea423268cadf0910b8c483f3020d20f34dc68f
dr-bl-w6-memoryswapmax-not-memoryhigh__crit3.txt	218	fc83bf1b4039d0d07841023d7073815f386dca69a9800cd34dd71428f739d93c
dr-bl-w6-phantom-draft-twins-accumulate-on-the-rail__crit0.txt	133	f5faf7cb51f975abbd8ca615d71cad8ef3aaafb41c09fe9c6e9fcf889299f17b
dr-bl-w6-phantom-draft-twins-accumulate-on-the-rail__crit1.txt	150	4f0ab4a20016740a30ee58a4f5b8c17515f90ea668f4b13e44c6d9b4a78160c5
dr-bl-w6-phantom-draft-twins-accumulate-on-the-rail__crit2.txt	115	53e9195de2bdb678c9f551f211f68390e4500a931ae78b79c9d29f476d9b8ad7
dr-bl-w6-update-state-current-is-an-unearned-green__crit0.txt	269	a5c4dc968871253c4e29c9dd75581d91d91b9882ae1e0b736d0cc7d2111418a5
dr-bl-w6-update-state-current-is-an-unearned-green__crit1.txt	218	a7b34a538ce10395f0aa9ca709b5d9ae2a4797a528cb89dd6b6b2b4c77332add
dr-bl-w7-chrome-bringup-has-no-retry__crit0.txt	168	027cd0e025582f4893d3b44326af5f5ba4fe2a1d30aafa135537cdd61d20c326
dr-bl-w7-chrome-bringup-has-no-retry__crit1.txt	140	b2aa0bcad37e2dabd0d728652a212e49beb53010cfb2a1951f02cced06f2b2e3
dr-bl-w7-chrome-bringup-has-no-retry__crit2.txt	99	6cb321d58e786ad7d0f90870440463fe06092f4bc265ee437afe3aec9e45fa6f
dr-bl-w7-chrome-bringup-has-no-retry__crit3.txt	138	92873ea403df2ffe5963b67c1154f1b17e76b8453b4715881e6581b3b13af52f
dr-bl-w7-residual-line-unaccounted-bytes__crit0.txt	159	a77ad02b69e9ba13701f7c9601c8a4806272864cb8828af7360fbe4eba32a4fd
dr-bl-w7-residual-line-unaccounted-bytes__crit1.txt	192	6766819b1973ff6edcfc5a2f8927eb035093f0807100a171ee6cbd75f4127869
dr-bl-w7-residual-line-unaccounted-bytes__crit2.txt	151	5e9da8bc32d9b8e20106e4052c10eab87ceeae2bfc416829bf1d3f6839997581
dr-bl-w7-residual-line-unaccounted-bytes__crit3.txt	139	6c91785eae45287bbe79d48253195e3ee08136d09dfbb44f12d01688da179e72
dr-bl-w7-residual-line-unaccounted-bytes__crit4.txt	88	755516ae23063c856282a8096a5a8eea3024f60c22bca1460ea026805049efcd
dr-bl-w7-residual-line-unaccounted-bytes__crit5.txt	65	9f2b858c24eeaa2be71266080ef9efab76342ac3c8e70811f35124300f6f94d5
dr-bl-w7-runner-chrome-refusal-blocks-every-pr__crit0.txt	229	1ccb2934e0e9771e8c7b38020e70a4953d72099bb626c568b922ec5449f2a85a
dr-bl-w7-runner-chrome-refusal-blocks-every-pr__crit1.txt	173	c0a49cb806d546e79d087b1286a7abc74ad812415640926074a36e910f190fef
dr-bl-w7-runner-chrome-refusal-blocks-every-pr__crit2.txt	209	e100187087127f6722d5e9df984f3e5efe5adf9cf4b52fb88e18aee196af04d5
dr-bl-w7-runner-chrome-refusal-blocks-every-pr__crit3.txt	170	430395ee5e106eb2380964c5a891bbf57d9ac610014051304925ccfc3ad317ab
dr-bl-w7-runner-chrome-refusal-blocks-every-pr__crit4.txt	65	9f2b858c24eeaa2be71266080ef9efab76342ac3c8e70811f35124300f6f94d5
dr-bl-w8-census-403-cannot-say-the-list-is-empty__crit0.txt	169	79d9208f8cc7d1e092110478cac829846865503382fb0e418435256d0cbf8532
dr-bl-w8-census-403-cannot-say-the-list-is-empty__crit1.txt	112	3e8d61f1ce9bbf272e724e6593b043fe70831141e9e1e0dc7f720f7f99f64396
dr-bl-w8-census-403-cannot-say-the-list-is-empty__crit2.txt	108	4948ac3aed8501f35fc1928ca4745dda26ff6a34bd019f5a82e57178d3853e4a
dr-bl-w8-census-403-cannot-say-the-list-is-empty__crit3.txt	141	2d3b6d732b09a7b162ff1ebf622dec2854fd407b53705bea0193b4076824d372
dr-bl-w8-census-403-cannot-say-the-list-is-empty__crit4.txt	81	b39b5c232cb52cea6420ecfe8b3bb96352dec1ace2ba7fa454cd4c6c6a6d9e7a
dr-bl-w8-graced-deploys-are-uncounted__crit0.txt	162	9eb0d2ef411c5fd74814a21ae9f93aebc09b9958c20b6c7ec5e745892b1a5b04
dr-bl-w8-graced-deploys-are-uncounted__crit1.txt	179	63e6e636a7654b7843b1175eb7582e92b0e4330296edb204fde71ee3bd27ba6b
dr-bl-w8-graced-deploys-are-uncounted__crit2.txt	81	b39b5c232cb52cea6420ecfe8b3bb96352dec1ace2ba7fa454cd4c6c6a6d9e7a
dr-bl-w8-memory-lever-belongs-on-the-build-slice__crit0.txt	177	5a4a7ebb67e842ed4bc3621ac9bfc459c2bc881af082e87240a6879a766e9c42
dr-bl-w8-memory-lever-belongs-on-the-build-slice__crit1.txt	167	ca8a3830ac4fe0e805b4ca850f4a06a6b1a94360fc5c5f58063d33161a0aa0f8
dr-bl-w8-memory-lever-belongs-on-the-build-slice__crit2.txt	151	d9edbda3522bae1a276673fab9fa4c029231fe42c58f96e1104b4a4446293f97
dr-bl-w8-prior-tasks-carry-disproven-premises__crit0.txt	112	759335b50cf8aa220c0a9ff2cbde6020c4b2837ea728e32d0442d3e0096d70fa
dr-bl-w8-prior-tasks-carry-disproven-premises__crit1.txt	174	1f424448057d3bbe62e81f788f037485272140280441efd541bc7c2d9a15c2e1
dr-bl-w8-prior-tasks-carry-disproven-premises__crit2.txt	140	810e31b33844e440d704cccdc297fb2e1b964eab6e159304d155fcc65d4f965a
dr-bl-w8-remaining-raw-boundaries-have-no-guard__crit0.txt	155	b566d97a9dc3cc44082535c0b6bffac51a3de488989654e4e78f3361fe09a552
dr-bl-w8-remaining-raw-boundaries-have-no-guard__crit1.txt	183	4188acf9df4afd60e62d13bd9fb811cffc5f61c1c26fc526e6ffb8909c21ea2d
dr-bl-w8-remaining-raw-boundaries-have-no-guard__crit2.txt	81	b39b5c232cb52cea6420ecfe8b3bb96352dec1ace2ba7fa454cd4c6c6a6d9e7a
dr-bl-w8-static-engine-cannot-name-a-cause__crit0.txt	183	8869960b5a70e050a792b440c90f764eda707a24f803c6411b21330f01566d8e
dr-bl-w8-static-engine-cannot-name-a-cause__crit1.txt	154	126c60cf6ebbf226a5da6139813814dd1fb9a3ea39b40603c41a0179a00f87ff
dr-bl-w8-static-engine-cannot-name-a-cause__crit2.txt	81	b39b5c232cb52cea6420ecfe8b3bb96352dec1ace2ba7fa454cd4c6c6a6d9e7a
dr-bl-w9-a-pr-can-be-unmergeable-forever-with-no-red__crit0.txt	191	7f2ab9027fcbbf1998dcdbbaff340bc1285bb7d9c80aac1241718c4181a89ec7
dr-bl-w9-a-pr-can-be-unmergeable-forever-with-no-red__crit1.txt	138	86aa878bc1c11297e89480b3a401b26e217de0eaf57081d610c9adf53e1361bf
dr-bl-w9-a-pr-can-be-unmergeable-forever-with-no-red__crit2.txt	166	f99db357c8bfdfca6ef74b961851dd155ad09f764344a12564fbca94456b062c
dr-bl-w9-a-pr-can-be-unmergeable-forever-with-no-red__crit3.txt	97	767a69029e91019ceb1769d08e685133bc6797f9f508cfa500a1fc66ac572cfd
dr-bl-w9-abandoned-rate-pending-a-real-chain-key__crit0.txt	183	50bb461c804da152ba56b84e0a298c58aebc089b4f2b9eaaa11b7995931c7e3b
dr-bl-w9-abandoned-rate-pending-a-real-chain-key__crit1.txt	149	a89dbf4e2006d68f8ca76c88a6824f28701e8ded4f939488779a4cc63cb08ca8
dr-bl-w9-abandoned-rate-pending-a-real-chain-key__crit2.txt	164	6b5b7302d099763074c04ff0355864d0a2ef31a5fd6e60d6bfff5726cb0c33fc
dr-bl-w9-graph-corpus-materialization-is-the-oom__crit0.txt	176	37da1da9233dbfe4bd59a2e32d4f12504d4cf2d060c0f39f787c53b01a75699f
dr-bl-w9-graph-corpus-materialization-is-the-oom__crit1.txt	152	34ed501ce532d4704e20f32717d215dadf0ad26d304aae44f58574777390194c
dr-bl-w9-graph-corpus-materialization-is-the-oom__crit2.txt	160	c38706cfa8248c80226c14352f21a666ac17543112b82041f6f67a14ef9017a5
dr-bl-w9-graph-corpus-materialization-is-the-oom__crit3.txt	97	767a69029e91019ceb1769d08e685133bc6797f9f508cfa500a1fc66ac572cfd
dr-bl-w9-journey-metric-run-based__crit0.txt	221	dd49fdb1f2599f8687cb15e9cefa28cebe75cbceefc969bea123c16ba9126ecf
dr-bl-w9-journey-metric-run-based__crit1.txt	164	fef2263b6c3ba5140c7e08b8c48cd76da984a4b4e1d5e85566fa7ab58dc2cfd9
dr-bl-w9-journey-metric-run-based__crit2.txt	179	746f6515a6929936676a0dc4e810ad8efc98a03db2821c37209130c61ef9c3bc
dr-bl-w9-journey-metric-run-based__crit3.txt	109	c096f0e0d6e05ca768b09329be875364643689b7b3f4bcf209ecdeeb5000112a
dr-bl-w9-journey-metric-run-based__crit4.txt	97	767a69029e91019ceb1769d08e685133bc6797f9f508cfa500a1fc66ac572cfd
dr-bl-w9-muscle-1-is-dark-and-nothing-says-so__crit0.txt	115	d77fc1d7c4c7c5762aed168b7a63ec50b6598dbcdf2d721078e6300efcac2fc6
dr-bl-w9-muscle-1-is-dark-and-nothing-says-so__crit1.txt	130	978762de214fc9ada093b4fa9a17ec618545fea00736f10be5fed530cbb11b4c
dr-bl-w9-muscle-1-is-dark-and-nothing-says-so__crit2.txt	97	767a69029e91019ceb1769d08e685133bc6797f9f508cfa500a1fc66ac572cfd
dr-bl-w9-per-route-latency-histogram-reaches-no-eyes__crit0.txt	145	c06186e3c5dd03de0c399c4f7b6cf57e7a174786a0f71686fe54b1913f84f75c
dr-bl-w9-per-route-latency-histogram-reaches-no-eyes__crit1.txt	173	5e9d481c48886bbdcb59d566f00368707b78454929ac7c2106a495e95b42ac6c
dr-bl-w9-per-route-latency-histogram-reaches-no-eyes__crit2.txt	97	767a69029e91019ceb1769d08e685133bc6797f9f508cfa500a1fc66ac572cfd
dr-bl-w9-request-stats-behaviours-are-untested__crit0.txt	103	db004bf4656297fecc1ae5256a44d118735a8ebc109a8b0613d787b720a63640
dr-bl-w9-request-stats-behaviours-are-untested__crit1.txt	108	ebce2e0c86b46e27d2bb9a76a9fc200ebc81b932d81d57ab88d326d92c717c05
dr-bl-w9-request-stats-behaviours-are-untested__crit2.txt	141	4c912f87840c14f709f42052127adeb6e096fc0146e3bfc0421275d9a29b0bf2
dr-bl-w9-request-stats-behaviours-are-untested__crit3.txt	123	fc15bd70e912a62beede1dfd34febf74a73e9e1d3955ec1567bf5868d63a5ba0
dr-bl-w9-request-stats-behaviours-are-untested__crit4.txt	97	767a69029e91019ceb1769d08e685133bc6797f9f508cfa500a1fc66ac572cfd
dr-bl-w9-ssh-host-keys-changed-on-dooodo-and-gyl__crit0.txt	205	8886a872a1306cf266792b5d6fa2193d22e4fc21b6b5a13bc7873ca9e9496179
dr-bl-w9-ssh-host-keys-changed-on-dooodo-and-gyl__crit1.txt	225	a6513f4afd0e1d320be799f266b1446c49d5848fd3b40db6dcadb43a2c57e67f
dr-bl-w9-ssh-host-keys-changed-on-dooodo-and-gyl__crit2.txt	212	213a39abbaef7d908d27934264c652a73d6f6c2d277fd0349a207a4292215cf2
dr-cancelled-row-dilutes-the-rate__crit0.txt	107	1f697ad1865241e8a26a0701da70378e88b513c202e2a778b53568411880350a
dr-cancelled-row-dilutes-the-rate__crit1.txt	134	1221436c5f864984dbf0277d3441c79d6adf99965836e1ad46768db07fc10ed1
dr-cancelled-row-dilutes-the-rate__crit2.txt	100	c5b49c85b9bfdc9b03f0d20d786f7f94056d323364930da61410487d5b4e3e54
dr-followup-auto-deploy-worker-moduledoc-names-deleted-start1__crit0.txt	117	4d6db2ebf39e501c4e2a60b5b647b5fe07ea41c9d9149ddd35dfe9b62ffb3300
dr-humanize-passthrough-arm-scrubs-before-strip__crit0.txt	184	b40dda4b3ecacaede3cc15b7d8d021ba1d1317a249025cd94440b762f5249b84
dr-humanize-passthrough-arm-scrubs-before-strip__crit1.txt	177	573c2888210bba85ac8bf4382c091ab9041f1d9b9ef5bf2614574d340ce90293
dr-humanize-passthrough-arm-scrubs-before-strip__crit2.txt	96	1280e495202af90309dabfe288c1043f15c553e63a77693750945e24a65b4ae9
dr-humanize-passthrough-arm-scrubs-before-strip__crit3.txt	134	4b82772f221db3378f4121a785a6731c40904b1576e0171a5ed78b93911216f5
dr-humanize-passthrough-arm-scrubs-before-strip__crit4.txt	30	6fbacbb700a7aeaef78c02fa4fedd6871952e295eb6dbcf84b9546efa570ae02
dr-merge-gates-roster-prose-is-gated-by-nothing__crit0.txt	164	e955d863a3adabd881116601f857bfb99950f0fbec4696bf631ce07de2040694
dr-merge-gates-roster-prose-is-gated-by-nothing__crit1.txt	139	037c3b512ecca4ef615fdcd7e76cecd1e555018cb83dd129a9902c184725dbbf
dr-merge-gates-roster-prose-is-gated-by-nothing__crit2.txt	107	5fa2e4367edc33be6337376b533cc1969093271458394ac572fbd734987224fe
dr-node-selftest-toplevel-skip-ignores-require-e2e__crit0.txt	327	0fd74e5e6c926af74b4056387029dfbaaff42f25d286ebb57333c5058c8fdafc
dr-node-selftest-toplevel-skip-ignores-require-e2e__crit1.txt	109	9109b4674f0cb2117b2bd32b8a968b99630769b5572187c6ddf4c130ba98fbe3
dr-node-selftest-toplevel-skip-ignores-require-e2e__crit2.txt	46	94d3e1407333deb7d24f5303fa82b58f1103ed5f91c79284e14918d8f89b151a
dr-ops-retire-eight-live-probe-credentials__crit0.txt	185	031185ae50957b08314ad067883abacc9975e5ab4a21922cc73222dfce741b3e
dr-ops-retire-eight-live-probe-credentials__crit1.txt	193	ef2e2bbf14ed997b63912c09284978c18afd23d5f0c9f9bbbe6303f391ed7a84
dr-ops-retire-eight-live-probe-credentials__crit2.txt	153	3a33ed61096c871e259145110b595857a592ccacc827cbc95cc00acd96d98b07
dr-ops-retire-eight-live-probe-credentials__crit3.txt	172	dcef831fec914c98402d832756b866875c987cd905a8ff3451f57f9323aed069
dr-osc-residual-strip-fuses-tokens__crit0.txt	203	48b7d947c0443df798845817981445b7853681130cfc8ad278d80a46ba3c21c2
dr-osc-residual-strip-fuses-tokens__crit1.txt	146	8154f20b0f727e0905e5462fd17e3e51c5d27d15154cbc95ad5c682482e5d2dc
dr-osc-residual-strip-fuses-tokens__crit2.txt	198	f464ab69cdc214c1f1133eadc9b8c4c8767bca7bb70ed37a393c111582651a84
dr-osc-residual-strip-fuses-tokens__crit3.txt	120	b8232e8140a1da4033a35b287506c4c2c2082c3ff2f85b4823cfb503aff0e769
dr-push-delivery-worker-rolling-unique-window__crit0.txt	156	67113b82c5338ad98515fee61c76c6c4df4fda7b2ec8abb9ce2b1f36d422affd
dr-push-delivery-worker-rolling-unique-window__crit1.txt	209	fec9c9aa1847a1bd62e26796080e4889bccdbfd8429311aa3341c5f96132a106
dr-push-delivery-worker-rolling-unique-window__crit2.txt	61	1e26728b99b83a67708fd521d856a7d106cb9187b11035551e48f6538afa2f7c
dr-w1-s4-followup-auto-proof-zombie-webhook__crit0.txt	121	3d2d50a3870c16a90ae1029b0b0d4d0f6c5f464388214f71c42f8f31bf17b040
dr-w1-s4-followup-auto-proof-zombie-webhook__crit1.txt	127	1127e9ae77ebc2a37c043516fa8b090b78a3d2fd881c91761f163d17aaf54166
dr-w1-s6-cli-fleet-ledger-honest-status__crit0.txt	235	a1dd672e417e9d9738f4a58f230a0cf67ef26317deeda33863a1bf7fa158fa47
dr-w1-s6-cli-fleet-ledger-honest-status__crit1.txt	186	41eb0e3b433e74199e36d6e12ae8b868f02e8071a0730b6fe6596dd02ade59d9
dr-w1-s6-cli-fleet-ledger-honest-status__crit2.txt	214	af3d151168779e72f27d6e482e89121b776418bc7c03f2938498063cefabef73
dr-w1-s6-cli-fleet-ledger-honest-status__crit3.txt	196	09af3c3d333612578c7cee1edab3115a77fe2345d5f7631a6f632b6af262c284
dr-w1-s6-cli-fleet-ledger-honest-status__crit4.txt	186	9a3f250911ce5418ca20a9a81785eb861faa6e03f0617ba4b80b089762ccb047
dr-w1-s6-cli-fleet-ledger-honest-status__crit5.txt	189	b87406be73dfcf1731ef56b629decf077307eabd0aa11b6c4cafa86220adfda0
dr-w1-s6-cli-fleet-ledger-honest-status__crit6.txt	184	81c69e45de3733cad86aa9953020e5fac71cda5bf1cca71f0f9e47147b82420c
dr-w1-s6-cli-fleet-ledger-honest-status__crit7.txt	30	4efe2a7638db14fd5475fa5836974c813d22ae5ea421e316b13b442421787d48
dr-w10-bl-48-landed-and-unread-payload-keys__crit0.txt	394	f3696abf810bd091b20c72a58d5ee5ffe5be028691513f6e5559b3f5add81f4a
dr-w10-bl-48-landed-and-unread-payload-keys__crit1.txt	335	39599ed8560de9a8d09b07602a0291b966af27d0d037ba20e1ab7ea58f68abdf
dr-w10-bl-48-landed-and-unread-payload-keys__crit2.txt	304	8a033e8142c3982ca1f61b34d69c677b51d673b7d676df292acde9853306138c
dr-w10-bl-cli-release-channel-is-stale__crit0.txt	106	734293dd31ad2d5cd4486a6798a2e59b39ff388225baab9b595c99ae7018f075
dr-w10-bl-cli-release-channel-is-stale__crit1.txt	200	d27b66b7b91a8ad72adf2eb8a8d476859e2b6969c3b78dfe22c55adc55a25279
dr-w10-bl-cli-release-channel-is-stale__crit2.txt	107	25bd71d412c9eb2b8d2316d5b75a54999b011ecf3db50ac3b5286f6992abbd38
dr-w10-bl-digest-email-calls-a-sick-fleet-healthy__crit0.txt	391	412554c56592687fd07998c83074441469830c8584bda5fddf49711602bd42fb
dr-w10-bl-digest-email-calls-a-sick-fleet-healthy__crit1.txt	222	1bbdc341463414e1c274ed7d8a70ac6c4f21d1a8849d50a896ed8cedd59235f5
dr-w10-bl-digest-email-calls-a-sick-fleet-healthy__crit2.txt	252	8f52aed46741911d71a8e0d0cd269cd719e4d42d55456b299f2e2f81c7795307
dr-w10-bl-fifteen-children-have-zero-criteria__crit0.txt	134	259a1a94806ce96847fafbfe13c3c0ab9d89e0d686c55d87b125a7ba968df73f
dr-w10-bl-fifteen-children-have-zero-criteria__crit1.txt	135	68da9467bd06ffd769b5578c0ff2e42908c4360fb39c095b02aaa390dd0ef4fb
dr-w10-bl-graph-corpus-is-the-timeout-mechanism__crit0.txt	144	f362f54f936b5cd7af1e52d7419b8a3d022d0aca39d68043dc42eedd27f2a25c
dr-w10-bl-graph-corpus-is-the-timeout-mechanism__crit1.txt	139	e0fd7c438d2b2a8823a66a5ef37b8aa41fdd7cc9942ce8158b316d648ff968d5
dr-w10-bl-graph-corpus-is-the-timeout-mechanism__crit2.txt	126	6cc247ff5f42a91a36656a36b09f537175a77a84040a0f6799f557ba56239759
dr-w10-bl-inserted-at-index-watch-item__crit0.txt	149	69953d138ffcd2bc4de9e5e80543d1a780ea66c8024944af78ffce099d67c768
dr-w10-bl-inserted-at-index-watch-item__crit1.txt	122	828b411d22870ddc101fa9579e5ba8026071839e6ed2ebd348673876a7862bb4
dr-w10-bl-regime-annotation-advisory__crit0.txt	131	62441908cd4c9c6d06d414165db499143483f7fc37bde21ea56740af2acc1443
dr-w10-bl-regime-annotation-advisory__crit1.txt	158	b47f7669e6fb19c9f207918099f1f303a53aabda0f4b028fc98b31efa0d76ca3
dr-w10-bl-regime-annotation-advisory__crit2.txt	62	f6c10b6d24b9ea9f35a2cfdc0d5d461aa06ef0e19951a9a5f17c51c39e6e95a2
dr-w10-bl-runner-budget-inversion__crit0.txt	166	c2919ccca2a8176221d48769fe5706bbe3768b3e0813f2fd88d6a28cb70707b5
dr-w10-bl-runner-budget-inversion__crit1.txt	113	e9608390174591e8f9c69702026921d990207c1f7d36ea39a164d35922a01edb
dr-w10-bl-runner-budget-inversion__crit2.txt	143	a26f0dbc86962fb90346233f17450bec758e2c954c96770beeccce7455595ba4
dr-w10-bl-spa-ladder-handover-to-cch__crit0.txt	124	6c899abeefc5bb8379dac5b6f384ac2af58222b3ce76d26792ab3e3a23931d8e
dr-w10-bl-spa-ladder-handover-to-cch__crit1.txt	146	44287cae621bffdc155e08d9d4fe70ca418cdba1d7848b3dfdd5682361531eaf
dr-w10-bl-spa-ladder-handover-to-cch__crit2.txt	173	c2e53e6a09bff388c40cdcd3fa10a5e2eaf31f243199abb4e90f349b81166241
dr-w10-bl-spa-ladder-handover-to-cch__crit3.txt	87	f8fd8a200eab27d2c02e41e019de8f276a05895944890a1fa70cd22e84d87bd6
dr-w10-bl-team-scoped-box-rate__crit0.txt	156	1d1ca0dd1ff9f49b46cef2e6502d80bb7c7a772b970b32bb8081c0fd810fd02b
dr-w10-bl-team-scoped-box-rate__crit1.txt	126	21b1efe34a77eb0262e2d1d5a7ce5f43ef97abfb90b301a025cf03f935657425
dr-w10-bl-team-scoped-box-rate__crit2.txt	48	c2e69304f652925664397495479416c6b4396cfbfe00dfd57b5d9306a5757880
dr-w10-f1-zombied-run-remediation__crit0.txt	137	746d0094adff43ef2d0e3810ec49274d2bab592e561a5685012dec4fc006b7b7
dr-w10-f1-zombied-run-remediation__crit1.txt	91	2552d9e0b9db7715ae33e3c7269f9842fcad959db95fcd2c98c715b492c84a41
dr-w10-f1-zombied-run-remediation__crit2.txt	149	d64b8bda45a0d49ede816281b147e841d5be010bad4986c1966411522581b116
dr-w10-r1-unmetered-is-permanent-for-a-small-box__crit0.txt	226	151283110220ea23d8acd2859a8cd566003e27b26516af9ee7715b2e588c5514
dr-w10-r1-unmetered-is-permanent-for-a-small-box__crit1.txt	228	ded6d39d915bc694048e2d3a62bd54e91e57466ae9baa682c3ed15c685128484
dr-w10-r1-unmetered-is-permanent-for-a-small-box__crit2.txt	188	0c5115073cecd160cd2ac16d65ac91d113a85b576de0ebeb71c94d9be68728e4
dr-w10-r2-three-ancient-prs-keep-the-census-red__crit0.txt	198	3f90e73197d79f3ba31409c6bc3c71ab89a97a569df0202773bfd3c78f8ca0d2
dr-w10-r2-three-ancient-prs-keep-the-census-red__crit1.txt	197	42f1e71d038a80ad50fe795a7c4feeb880ff373639fd9dfe3c9426893b2624eb
dr-w10-r2-three-ancient-prs-keep-the-census-red__crit2.txt	243	8cfceaf1b8df386a4a98d3732db3acfd29f9093deca8df339909de4fb4aaa89d
dr-w10-s1-followup-box-rates-query-cost__crit0.txt	98	808d2c54074c18322706f5b8c4f6fc9e38c1b04a8197a6774614dc4aba27a2ce
dr-w10-s1-followup-box-rates-query-cost__crit1.txt	131	36898a589fed7ea65e6540ab2f61d5d46755381fc896ec5a5a3f5eaf10b0d5d5
dr-w11-bl-authoringwall-criteria-gate__crit0.txt	178	796099c4a420b07e2583867a3ce1eda6216be1c5a7d869b1684f83e0b8e2082d
dr-w11-bl-cancelled-rows-count-as-waiting__crit0.txt	149	d7476b8162e27799b429f075763af401902c973744039ef4637d1ef903b60115
dr-w11-bl-cancelled-rows-count-as-waiting__crit1.txt	179	93de3e34896b0f03fc7ad04f417427523d1ec1b29164f9056045654da59c796e
dr-w11-bl-cancelled-rows-count-as-waiting__crit2.txt	134	f212f33ccb8d44dd1ab5b8c1864f4feadfaab10abf99b7c4e5899b396e2ac1f5
dr-w11-bl-content-rev-projection-evicts__crit0.txt	178	796099c4a420b07e2583867a3ce1eda6216be1c5a7d869b1684f83e0b8e2082d
dr-w11-bl-delivery-phantom-merge-order__crit0.txt	115	66862b4e667c9ddb9f267476115fa7aa746e3236307c609885ad946fe33c0604
dr-w11-bl-delivery-phantom-merge-order__crit1.txt	210	c753b7ae29f3df4ebe22edace12140ad6b9bac28c1cc8a3b88e409eb263c8b31
dr-w11-bl-delivery-phantom-merge-order__crit2.txt	149	c7a0ecdb5df8c7d6d7b3b8a7c562b1ac7582e44f81ad9ff37d9e40833f83fe08
dr-w11-bl-deployment-failed-alarm-fatigue__crit0.txt	178	796099c4a420b07e2583867a3ce1eda6216be1c5a7d869b1684f83e0b8e2082d
dr-w11-bl-eight-sites-never-autodeploy__crit0.txt	178	796099c4a420b07e2583867a3ce1eda6216be1c5a7d869b1684f83e0b8e2082d
dr-w11-bl-kaplan-meier-alternative__crit0.txt	178	796099c4a420b07e2583867a3ce1eda6216be1c5a7d869b1684f83e0b8e2082d
dr-w11-bl-prod-sweep-litter-and-credential__crit0.txt	178	796099c4a420b07e2583867a3ce1eda6216be1c5a7d869b1684f83e0b8e2082d
dr-w11-bl-task-body-file-line-anchors-rot-silently__crit0.txt	305	45da1558c1452b6809b83215d1a1994b141af645069415a692a20e23f2645a79
dr-w11-bl-task-body-file-line-anchors-rot-silently__crit1.txt	196	0d5e98b7c31945912bda4f0802390125666517c29b40c43a34884ef96b090cc5
dr-w11-bl-task-body-file-line-anchors-rot-silently__crit2.txt	218	bc5512f814d86465c912e03b517f455b6aca4c322c0140ce672b65c5b2ba8aa5
dr-w11-bl-task-body-file-line-anchors-rot-silently__crit3.txt	289	4b063a83b34eb273cf3af389100bded6199ad832d6628833a1c277adecc033bd
dr-w11-bl-zero-criteria-census-has-no-caller__crit0.txt	181	5c7371512b503d2096d729879b227cdcd671a1a35f96edec9c65ba5f17401b5e
dr-w11-bl-zero-criteria-census-has-no-caller__crit1.txt	191	4fd2c8b2eca3ba880d865443b15f3446796afea4ed5d50c3fde6f76d59bad904
dr-w11-bl-zero-criteria-census-has-no-caller__crit2.txt	275	b702ec650f47285b53be2b3db79fa86ea2ee0fe6c186032ffa52dc98e917b729
dr-w11-bl-zero-criteria-census-has-no-caller__crit3.txt	224	062baadf8c76efec66af8cb33314a076369aac8a3254969306a03dd0d6e3fc33
dr-w11-followup-deferred-chain-waiter__crit0.txt	160	33af933cf7e0e2328e2b3228cc01758ddd619381ff39da67c4cdafee75f838e6
dr-w11-followup-deferred-chain-waiter__crit1.txt	140	09b69c78da085757ac5296872251b30aafaf31e85cf909bd49d2acc43f177717
dr-w11-followup-publish-instant-has-no-reader__crit0.txt	222	1e55b058fb971756011cbd34903d4b3e2c6021ee176b1559981b58093cb8bc03
dr-w11-followup-publish-instant-has-no-reader__crit1.txt	166	9e24971d4d539c3328f0e2355829e97b841f392f6b5b7d78977bbdedece3a229
dr-w11-followup-publish-instant-has-no-reader__crit2.txt	163	61ef9049feb012558a3f0895421ced94f6880956dea6f108f2f0766d93d995a6
dr-w11-followup-publish-instant-has-no-reader__crit3.txt	140	97818d25facff47cdb7bf6b6ffe4856b67f7e4adeee1968246930462f2ef95d5
dr-w11-payload-divergence-close__crit0.txt	156	9eacaaf4ec180bf8065c8c5f287cf7fe37b7a0082ad3082ff43a493bbceea83e
dr-w11-payload-divergence-close__crit1.txt	93	0f960d9682d0ef4222fc8c7bef7df705eaaea0a9da91ba8e7e9539793c5c9f2a
dr-w11-s4-followup-emit-delivery-on-route__crit0.txt	127	041187c8ec9c14d78c8aa12161c198e01802d7b4971f2e1a3d6aa97353a94bdd
dr-w11-s4-followup-emit-delivery-on-route__crit1.txt	119	75f65e695c008724c5aa7a747d0c8afd65c1bd3897e802c1d04833cab033c280
dr-w11-s4-followup-emit-delivery-on-route__crit2.txt	124	02816f96014333e0943b7e2642f607a0f481a5cd3c1c640cdc6da50f7338d5f8
dr-w11-s5-waiting-alert__crit0.txt	178	7ba92786e475dab24ff6601539fb5ceb3a7095b7e477e44d2e524ba8ef374aa5
dr-w11-s5-waiting-alert__crit1.txt	122	41a2adabd7100d04d43341a92081f8a1455132d14dc465031a3b5d7e19ac86a7
dr-w11-s5-waiting-alert__crit2.txt	199	b6046b174474568350e45d52aa68239ac58a585666b92ca0552e2621f02a033b
dr-w11-s5-waiting-alert__crit3.txt	158	c8f59acf8c14710c08d05daa20a34563ee0fa39ffcf917d1fa9622f9c2b7b8cd
dr-w11-s5-waiting-alert__crit4.txt	199	f58d03b6b2d4f5fe3d469b95f1dc3390a203127d55982b0e296443e64295e2d6
dr-w11-s5-waiting-alert__crit5.txt	143	4e015035ac905f3b3123867468deba848c7caff2742c979bdb15241db9bf5de0
dr-w11-s5-waiting-alert__crit6.txt	161	9b870629aa0501f5a0c2bc08125a3fa6f93cba62dbac446ec36580364110feb6
dr-w11-s5-waiting-alert__crit7.txt	132	6035b93e3bfd1d0e9da4faebd741acd8a81ddced8491657da8dfa9cc382144cf
dr-w11-s5-waiting-alert__crit8.txt	60	f66b5b4e0a8d6184757fe9ce150781437f863ad23c4c54210052dd113df940bf
dr-w12-bl-already-running-collapse-unexplained__crit0.txt	103	f54827c479a90b9e4b5072a75a58bedd10f1f4dc93315b0905d54409177c4e2a
dr-w12-bl-already-running-collapse-unexplained__crit1.txt	140	e9b71f8dad035e93b236a4e3c233f83b15099ec656c9479c89722496c100a1e8
dr-w12-bl-box-409-names-the-holder__crit0.txt	94	777d2567779e2c0a945b9410ed719fbf59fb5eb8cecd83c72f146d613abb8527
dr-w12-bl-box-409-names-the-holder__crit1.txt	60	050d9263fc12e4f86795a9d5acca453a0bce9c99617bf571c73e67b084bf7a34
dr-w12-bl-box-build-writes-no-digest__crit0.txt	87	55abe977bc7ddaaa4acd6480d9950662a70e1eb3e1e4e46eebf624e7601c0ddc
dr-w12-bl-box-build-writes-no-digest__crit1.txt	89	34d01ea0da8fb5ca2d040cfaf02960a17204118e0e7697a5b213cf1aa4649d9c
dr-w12-bl-build-clock-has-no-reader__crit0.txt	155	dbe5e05e6ae90df83a6c785d7ee4cf8355858e13925dc627c0429f295bc03c4b
dr-w12-bl-build-clock-has-no-reader__crit1.txt	133	8fac4b7af185b519cb4161961a6fe24aab195321e022b2ad25992d7d4d9c838b
dr-w12-bl-cause-class-continuity-check__crit0.txt	146	b3bd2c6a9a42a86cfe121bc253d4dfccaa37e9967d6a2a57207f9d7198d2067a
dr-w12-bl-cause-class-continuity-check__crit1.txt	77	f8d870a0e77a907af7ea23c829168573e65c2d698cfd69580afa39b9fa970e93
dr-w12-bl-promotion-attrs-fenced-identity-drop__crit0.txt	174	af4c86ce4d6b3ab7e8eecdc82c3ecfcdaf5ac1ddf22e9b9a6f2c060aa7151e29
dr-w12-bl-promotion-attrs-fenced-identity-drop__crit1.txt	122	46f5d2c2024b1517cdc5ba536ee2fe26f396e04e840148fa5714b55f73e6a25e
dr-w12-bl-publish-clock-operator-surface__crit0.txt	108	2c44437eb461a5d862e00a44c5820fa348d41e9b674f9f49d91b6a91184cfa8b
dr-w12-bl-publish-clock-operator-surface__crit1.txt	132	9dab2ecd128d31f69fb8150d357cecaae910123747405497a9af81fdf338af5e
dr-w12-bl-shared-dataset-fanout-demand-or-churn__crit0.txt	137	58bf59affad5b76dde70b5f302320f9b4845d0957d7b44cb35cc4ff5893bb670
dr-w12-bl-shared-dataset-fanout-demand-or-churn__crit1.txt	105	82a02c5434f7d24ef4a63bcf4a31de1f58e26d4299100900e315ceef2dd6e671
dr-w12-bl-site-publish-trigger-coverage__crit0.txt	197	70ced498f40784e386099ab9bbd610cd2a606fb2b5a6a92b638c1f2f9513e6d4
dr-w12-bl-site-publish-trigger-coverage__crit1.txt	89	07444f19c93a1002cfed1af78764add2b93d4fa1b112768860e6dc991aef32f3
dr-w12-bl-zero-criteria-ratchet-tokenfree__crit0.txt	111	ce9f07c54aaa966b5a9e28ded736e648626bac8b87d14df44281f4a8096a1a85
dr-w12-bl-zero-criteria-ratchet-tokenfree__crit1.txt	141	ed7bc884099981972d62971ac4c8a2610c3d41dcee6a25382b23aa69448443fc
dr-w12-bl-zero-delivery-root-cause__crit0.txt	146	be1d18575991e2f5f751cebb634de311b26c5af61782e9a75e4974eb61c2d716
dr-w12-bl-zero-delivery-root-cause__crit1.txt	110	a5e574389c4361f923b94c6cd8af424cad60395d351a34c36df4049524e6a0af
dr-w12-followup-publish-clock-horizon-unmeasured__crit0.txt	431	af3ae4acfa9df3a2119c43377a300615d622880764dc197986ae7c9493c1e95e
dr-w12-followup-publish-clock-horizon-unmeasured__crit1.txt	303	35186f10a4a1257dd35b6eb5b92fe87c365dd42e8f48e4fa8c90a32e036236b9
dr-w12-rv-publish-clock-match-ceiling__crit0.txt	158	6dccb9c638fa20840359cf79cf1ec2c330836cf86a82e765a9d6dd5e506a5408
dr-w12-rv-publish-clock-match-ceiling__crit1.txt	152	27c7c7983907413620e59de859a6d2cd30c5bb7abb597e96b2bc9dd49c3c447b
dr-w12-rv-publish-clock-match-ceiling__crit2.txt	106	9d1e42a4d18db115b4b6e16ef874eae307136f34de591d67e3a19bf7a03585a6
dr-w12-rv-publish-clock-match-ceiling__crit3.txt	94	baf0a9c37d6c0dc4b501e5c13f8aac36045d60b5675a61646ebe03c4b17cb098
dr-w12-rv-site-waiting-page-truncation__crit0.txt	171	15638d9b5053fa65a00d7b1290caa63dfb098ce7db1d542ec551ebbdefa18114
dr-w12-rv-site-waiting-page-truncation__crit1.txt	134	6b4916776f89a64162671efac4949c098dc890602cbb2e0fe01c63caed57f435
dr-w12-rv-site-waiting-page-truncation__crit2.txt	139	69002f0c9beec7bc98e80a9e76c4f1965c85fe266a16ed9cdd392fb7056787d1
dr-w12-rv-site-waiting-page-truncation__crit3.txt	94	baf0a9c37d6c0dc4b501e5c13f8aac36045d60b5675a61646ebe03c4b17cb098
dr-w12-s3-followup-census-reads-fanout-records__crit0.txt	144	0c14b5ff96076103837d8b1bc30139d527d4d83c21b7be8fa45881827c56f832
dr-w12-s3-followup-census-reads-fanout-records__crit1.txt	96	3a69bc6166e8731ab51910f0fb8bf698d6332231cbd767a652df2f032d828651
dr-w12-s3-followup-census-reads-fanout-records__crit2.txt	128	d3aa8ec223911f2b8d3f9af46df37573087b9b15fbc7723b8d4d311f9721551c
dr-w12-s6-followup-serialize-deferral-columns__crit0.txt	286	83f85a07dd807a2c7397f7d7e7296fdee50feb087c68c2ce1fd5610a82afd5fb
dr-w12-s6-followup-serialize-deferral-columns__crit1.txt	261	b7dcbdf2ccc5f20bae4e286308cf41bbd4ceeb27db4591c9ec8395476c30ac53
dr-w12-s6-followup-serialize-deferral-columns__crit2.txt	190	27bf6346926c9e4f3260f9ecedd2ecef4007f4b5d3874bc99b537069077381a4
dr-w13-bl-abandonment-splits-off-the-flood__crit0.txt	133	5a49610b2837d7dca44913407ba2b7e36437c3a61ca7625f24ca055e33a55408
dr-w13-bl-abandonment-splits-off-the-flood__crit1.txt	124	74f0957395305e9891689ef4f8b8203790a7be569137fb537b37aa9c6a8a2e1c
dr-w13-bl-abandonment-splits-off-the-flood__crit2.txt	132	cbfbdc2ebd2bcef8267f83571b5700dc28a6c46e66261b7b20008773104378a7
dr-w13-bl-abandonment-splits-off-the-flood__crit3.txt	146	4abcb5e36733fb37cc3cfcd74496b01477f3602b17e36258badff1f7f52506fe
dr-w13-bl-abandonment-splits-off-the-flood__crit4.txt	98	34d9eba01d1efc0465ca7a2b45553c1648a2ebe75093899b74b314f9a706621f
dr-w13-bl-agent-beat-drops-its-window-label__crit0.txt	144	d7eddfda6d14a7875a20b3dce8671a205dc9ab91402cf5cbdeef1d1258e8b8a4
dr-w13-bl-agent-beat-drops-its-window-label__crit1.txt	116	88bbe75f6db0e35b31af78f7be37eef408e094ae3c78347b511ca8cb25f7fd79
dr-w13-bl-agent-beat-drops-its-window-label__crit2.txt	98	34d9eba01d1efc0465ca7a2b45553c1648a2ebe75093899b74b314f9a706621f
dr-w13-bl-census-omits-delivery-so-403-fix-buys-nothing__crit0.txt	135	62ee6078913166b1c545f65f9ee27121bcca7fa025dbd87cdab63d5d61323ffc
dr-w13-bl-census-omits-delivery-so-403-fix-buys-nothing__crit1.txt	145	47e278ed47f49561114095cd42adf5fb44904ebc113ecb0e9a9894a8f91de508
dr-w13-bl-census-omits-delivery-so-403-fix-buys-nothing__crit2.txt	110	ef17375047637b52df0a82831f8fb1a17a3ff5853c394f0e1554a215d29822f7
dr-w13-bl-census-omits-delivery-so-403-fix-buys-nothing__crit3.txt	98	34d9eba01d1efc0465ca7a2b45553c1648a2ebe75093899b74b314f9a706621f
dr-w13-bl-column-first-classify-bypass__crit0.txt	200	8015849ca50797fb571bbe705720f84c696158517087e7894fdf18c1f53e0118
dr-w13-bl-column-first-classify-bypass__crit1.txt	141	0a07dc31f53d6edbcdbe5faa40951802a9423119df6e74912dbbedeb8ae8d934
dr-w13-bl-column-first-classify-bypass__crit2.txt	135	857da2d4cc0fe60ca8b1dc6ed1dc3b22f8ed4f50e1901468c2b7eff9e8da67f1
dr-w13-bl-column-first-classify-bypass__crit3.txt	98	34d9eba01d1efc0465ca7a2b45553c1648a2ebe75093899b74b314f9a706621f
dr-w13-bl-demand-needs-a-label-before-a-cut__crit0.txt	196	0065a3ee0ca40bb07f6c61ce51fe7e9787e06dec9ce067423fff1dbbe50c4e76
dr-w13-bl-demand-needs-a-label-before-a-cut__crit1.txt	154	daa915a544e17ec6af1d78f5285e2e634f94865ebf06569aab5f83f03ba02aef
dr-w13-bl-demand-needs-a-label-before-a-cut__crit2.txt	103	c6c3763946a8343c7358b6e4d219663b142de22180e6f30a6054284d4ef60434
dr-w13-bl-demand-needs-a-label-before-a-cut__crit3.txt	98	34d9eba01d1efc0465ca7a2b45553c1648a2ebe75093899b74b314f9a706621f
dr-w13-bl-fleet-verdict-is-deploy-blind__crit0.txt	142	d1c77ef7b689c7d2ebd88b873b9bd9395ebc4f3c104e525dd7a9fa0e4a93df45
dr-w13-bl-fleet-verdict-is-deploy-blind__crit1.txt	137	222d22ccd563d9855f4403596752391b37c02da702d6b112284380916d7af406
dr-w13-bl-fleet-verdict-is-deploy-blind__crit2.txt	84	2ed054974c90743b616c8200963c03d43b1d134bb16562a8acfdda758a638b9c
dr-w13-bl-fleet-verdict-is-deploy-blind__crit3.txt	98	34d9eba01d1efc0465ca7a2b45553c1648a2ebe75093899b74b314f9a706621f
dr-w13-bl-spa-has-no-deferral-vocabulary__crit0.txt	127	dbe562806670d304bbbbbdca0fe69bb170f2e2387532bd0864a14a452ba17941
dr-w13-bl-spa-has-no-deferral-vocabulary__crit1.txt	116	4668bc3286139db655417748f2200ab776bd1870aa59a69117732de4f231a7c5
dr-w13-bl-spa-has-no-deferral-vocabulary__crit2.txt	111	f3cb59891dda15efa4dc06fd8fd8edd8955be33a454a3026d1afd2595190ea3b
dr-w13-bl-spa-has-no-deferral-vocabulary__crit3.txt	69	7521fdb53cba57dc04cc425b188d8847a86f57525b8793593525beac63110763
dr-w13-bl-spa-has-no-deferral-vocabulary__crit4.txt	139	473f84ad0864bb5a7bce364bd1db24a6c35c4b7a22b32f325ab90e939c89aca1
dr-w13-bl-spa-has-no-deferral-vocabulary__crit5.txt	98	34d9eba01d1efc0465ca7a2b45553c1648a2ebe75093899b74b314f9a706621f
dr-w13-bl-waiting-alert-population-is-empty__crit0.txt	262	edbadf89db0a0048e82fb1a4d2ea2e8c746a2bc81cd74fd1af9f4e9450a221e8
dr-w13-bl-waiting-alert-population-is-empty__crit1.txt	177	f8f334c4cd85ef0f685c2daa1e3843bbdb9e1b0d500296362cde1cc5d3d83338
dr-w13-followup-poll-phase-refusal-unclassified__crit0.txt	122	28c195e280a8342100cfd156cb115f4e99adfbd3fc9d0fe9569ace15b4195756
dr-w13-followup-poll-phase-refusal-unclassified__crit1.txt	126	9883e09bd68b6a165e16f785ac6863e597a3e60a4159d0592316c4a0b1e60112
dr-w13-followup-poll-phase-refusal-unclassified__crit2.txt	185	441a61aa2277e8c78e0d49617a845c577d71b65e503b675db456bf3ad7144d92
dr-w13-s7-census-residue-and-per-site-blindness__crit0.txt	204	decf3827d3e2d914c7a0d06100ae783eedc484d7dbffa18c1c2b91fe04770885
dr-w13-s7-census-residue-and-per-site-blindness__crit1.txt	118	8a53d14ece457322bb70e1e1e3f4e0f79be51b3d3c667674d47014e0fa714a79
dr-w13-s7-census-residue-and-per-site-blindness__crit2.txt	255	beaf51b40e4562dc06123f8ebc83d19c2b80b91246cfb614aea8d976dfad0932
dr-w13-s7-census-residue-and-per-site-blindness__crit3.txt	223	f2ab9556e6bd8ab738676dfe8f9bbfeb6afacd9268f15251d525d4153c0984d5
dr-w13-s7-census-residue-and-per-site-blindness__crit4.txt	222	26005b17bca116f102cfc5405f93f3333dc3e8c99eb932979e30637e0ddc5ef0
dr-w13-s7-census-residue-and-per-site-blindness__crit5.txt	241	bda7da3428ebe91d0bfa75dca5ed63f70fc8123558abc0d31efc548d2e4af8b5
dr-w13-s7-census-residue-and-per-site-blindness__crit6.txt	135	312996083b106e70a662946c4e89485726fc13980c26ec0b67ddddf522a23b21
dr-w13-s7-census-residue-and-per-site-blindness__crit7.txt	200	f38af004b24a3ee51013343eea1f5ade24e79dee63c586c38557d28a455f07f7
dr-w13-s7-census-residue-and-per-site-blindness__crit8.txt	154	0ca87c45b21bd254a537da27ad79689446195c3a36b629d65d369ca44794d1f9
dr-w13-s7-census-residue-and-per-site-blindness__crit9.txt	98	34d9eba01d1efc0465ca7a2b45553c1648a2ebe75093899b74b314f9a706621f
dr-w14-bl-agent-beat-drops-window-s__crit0.txt	162	0b97c7bf4a84b9935f2e298560bf050123cf94b6fcbb51c9903a3a0f151e25ee
dr-w14-bl-agent-beat-drops-window-s__crit1.txt	134	ea3af014484148de299ad09b8979c8f37009669c1f6553e44f12776f89b29fed
dr-w14-bl-agent-beat-drops-window-s__crit2.txt	76	c4c8a26474b0750ec05c2319481762a4d1db52a4afa7f693026011c1acbd6d02
dr-w14-bl-close-help-manifest-lies__crit0.txt	222	60e6228afdb0f56e707ab5133e22be5cbf742be88cde19a371fea36af6b2b3d8
dr-w14-bl-close-help-manifest-lies__crit1.txt	96	e25035d811e0a80272bd350b25ce13215d57193fde9401ea7cb9f6765c8fc15b
dr-w14-bl-close-help-manifest-lies__crit2.txt	172	3452056a62b0f9ccfdd55e5a5fc44b2115c8ff3a1fbd61f7c468a7feb6f95f2f
dr-w14-bl-content-rev-regression-unchecked__crit0.txt	180	2c26132293382770cb041aae4d413fece1a4fa90d9d79f9bafbc1fc65f16d554
dr-w14-bl-content-rev-regression-unchecked__crit1.txt	152	b91b8be14ecb8b4c7d201486e969fb73c7a13594b4aabc199ceee4c19a618c1e
dr-w14-bl-deferred-only-publishes-need-a-settled-count__crit0.txt	174	581b0d286e1d037175fc2a3f9b0ad8fd4314657baf8eb1f7936d150d24195e02
dr-w14-bl-deferred-only-publishes-need-a-settled-count__crit1.txt	152	74ac17e14ecb328c6dcdf0cefda19da27776cd0af27773db6485e6736afd06cd
dr-w14-bl-demand-cut-needs-a-fresh-argument__crit0.txt	153	fe68a0e5ac899e5148a23b8ac7aa8a1c4776368e3cc4d5a7bd94b98883580ca9
dr-w14-bl-demand-cut-needs-a-fresh-argument__crit1.txt	92	9ebcf12619231666fc775eb7ef29c1e691be44f58ad3c2a748cdee2fd0751b0f
dr-w14-bl-fenced-off-409-is-mute__crit0.txt	128	9681180c2616a1825fb3e6bf336852aa288cdf1f881b5b8e87416be153739f95
dr-w14-bl-fenced-off-409-is-mute__crit1.txt	120	065c4c255c008b3a28fa3500d410cdcffb4f4eceec83fd7f951e11b3ed7e03ab
dr-w14-bl-fenced-off-409-is-mute__crit2.txt	67	e6f2088144790f7d22850efb0f01e9442b37dd8c5b0ad9734de1ecc2791d3865
dr-w14-bl-merge-commit-criterion-wording__crit0.txt	138	06a1f7d32d2558668e5762ea02668e7809b79cf153bd51d4049ce0e2026737c3
dr-w14-bl-merge-commit-criterion-wording__crit1.txt	134	5b422e54eb753cde483eb3729de3066ef8a6458e4fc42dd6da9a07f466d21d6c
dr-w14-bl-min-sample-permanently-unmetered__crit0.txt	146	3e477fed214590391b479c32556bd0d6c1ce52f2163ac493a627289f1fcd0ced
dr-w14-bl-min-sample-permanently-unmetered__crit1.txt	143	9a1c7d05087699165e0c6edc280c754adf490d63d9d87dd6fbf4f85462574fdd
dr-w14-bl-min-sample-permanently-unmetered__crit2.txt	116	169703b2f19b4e2f1f72615b1fe1a94f3555c87de90bb547ed784bb111b15da2
dr-w14-bl-owner-cannot-list-own-sites__crit0.txt	120	b9c172090160429802f90ba1a3cce000fcb66465a17513a294a03a4207dc5a26
dr-w14-bl-owner-cannot-list-own-sites__crit1.txt	113	99943a8607787becea7ffcd30165276ec99618bb9a4487dcfe439c80d15ffe36
dr-w14-bl-owner-cannot-list-own-sites__crit2.txt	74	4bf4f8cb2d011316dff5bee10d93f924a12af9e572604490a28e15632616b4a8
dr-w14-bl-pat-cannot-read-the-owners-number__crit0.txt	196	c2f95662fcc16a7d30904706e6ad75cf7fa916a3fd371f7a24077e86bc3d0e79
dr-w14-bl-pat-cannot-read-the-owners-number__crit1.txt	171	cd36f9be0635e796bcc6c01073b14bce1fb50905976238d60e38990342b7be7e
dr-w14-rv-publish-clock-route-pin__crit0.txt	115	1e3032415b061cfe12719e67104e1ccccb8ed96731bf8114940ce9e5a0baf89c
dr-w14-rv-publish-clock-route-pin__crit1.txt	109	5f2c1ab854411d9889ea6e1c94776499eb20e99e2fcccc2615bd9a215bbbae5c
dr-w14-rv-publish-clock-route-pin__crit2.txt	83	cafef2b1cd2ecbc36e20000147f2a1b92de87746b6d608a2ce17687fd4fe3041
dr-w14-rv-session-tier-route-scan__crit0.txt	107	721628f9297732530f996fb6c616de577c4cb71173b6495bab7804d7f37246ee
dr-w14-rv-session-tier-route-scan__crit1.txt	119	5000f4693917c54b968cc2f694bbadd17be333a0dbe94bac8bbae95f8e98731b
dr-w14-rv-status-cell-wraps__crit0.txt	136	7323a90f4a5d72e5168f30001fae5927bd63e08b69ddeef19af1943ca936f27f
dr-w14-rv-status-cell-wraps__crit1.txt	90	a59cd721d4b55eb40ede3d5c550aced74a839629df8ee211fe352dd8a9e77535
dr-w14-s3-followup-phase-in-deployment-json__crit0.txt	144	f450b56bf539ebbc725463e536596230e68b8ad73b9fdcf2a5ec2e096e7cdf2c
dr-w14-s3-followup-phase-in-deployment-json__crit1.txt	81	63f37ddbfe4115884ee684e927c5994f92081657ea85c8594268670d420b945d
dr-w14-s5-followup-deferral-wait-median-with-its-own-guard__crit0.txt	225	9dc25552a24dd88b38b18ecef43f5859c2e88dbf4f7cf2260e0bee9de2ce6dce
dr-w14-s5-followup-deferral-wait-median-with-its-own-guard__crit1.txt	143	938c3be5ec964955c7e1f91ffb46118e87a09285631d56774783f16eddf0af7d
dr-w14-s5-followup-deferral-wait-median-with-its-own-guard__crit2.txt	162	b1098da0eff80c82c4d52821955ba4572a98737bd34fd92c708ef0a3bbacb7db
dr-w14-s5-followup-deferral-wait-median-with-its-own-guard__crit3.txt	159	2d52865e46fa85fb2613813c1cb736cf49d82f219faa050f6c4c2af7cf0c2166
dr-w14-s6-followup-site-deployments-envelope-unread__crit0.txt	274	82e8d52605ea92e37a281bc8c00b72cf4975d323e09d17c625fa5b3736ce992b
dr-w14-s6-followup-site-deployments-envelope-unread__crit1.txt	214	6aa0d33b15d1276b377309eeb4f30eba526c0a484effcb9be5a468174a10c76f
dr-w14-s6-followup-site-deployments-envelope-unread__crit2.txt	310	b3b52e666fa565058f5f9ea607f03b9dcf06f092dc2e202007982864a200e011
dr-w15-bl-console-ladder-is-nine-rungs__crit0.txt	121	e635e06edc8238e072e01efa4f086bc12922ac4a1393873cabca207a2c2684d9
dr-w15-bl-console-ladder-is-nine-rungs__crit1.txt	177	9dc1c187df080fcd1505223744c9682c3c6acaa13fb60117490abf90c93b52a4
dr-w15-bl-console-ladder-is-nine-rungs__crit2.txt	83	6fc9b4aa6141924b8f4d31c334321b4339f67337dbbbe937b12cf1718da078f3
dr-w15-bl-deferral-cause-null-audit__crit0.txt	225	6d1d8e71734afac255c662c2337d0d7f1d5f84172f9884c57ffbe6d4d87c195d
dr-w15-bl-deferral-cause-null-audit__crit1.txt	161	2464762b296536b28ba3018bb18999701f29273341b4f0889e1af84b3c71de71
dr-w15-bl-deferral-cause-null-audit__crit2.txt	115	8014386f6002ae6dad2752147c767c8b73fc08a5c4cc094e33222560397c8942
dr-w15-bl-episode-unit-needs-a-specimen__crit0.txt	242	89a10ab05549a8c4e0babbc6ba145e7ce61d65c0ebcb02b9d5007445c59f56f1
dr-w15-bl-episode-unit-needs-a-specimen__crit1.txt	124	19d61e740d7ec568cd37c338d13157bd2f87ac31b2328ecbe058ede7ef360b54
dr-w15-bl-episode-unit-needs-a-specimen__crit2.txt	152	0f112d824ebbba2242d7048cb8bafebfc98656f6c6792d2ae0df25cb2ce0c646
dr-w15-bl-exit-label-dead-templates__crit0.txt	195	3a1701bcb5857873c3c07e87a76ac3d8584db9558cdd949edd55fac693f5cb89
dr-w15-bl-exit-label-dead-templates__crit1.txt	122	8a012cd0d5eb520ada97924f7154a57208fe96d8b9dff37945afc57151c6b032
dr-w15-bl-failure-copy-has-no-agency__crit0.txt	182	a5a1e62617bc3bb0a81879eccbe132f24feadec49e633d8422f732f2c4d26aa6
dr-w15-bl-failure-copy-has-no-agency__crit1.txt	162	164b5443e7518fca34fb19c60351cdb06f9a894b14edbeeeee0fda857403f8d3
dr-w15-bl-failure-copy-has-no-agency__crit2.txt	150	dba73296c7feef75d69d611e250a098ea1a0a2ae133fd13b001ae0af9367cad3
dr-w15-bl-notification-deliveries-has-no-join-key__crit0.txt	233	173628aea9d85c7eeda002728101f1b7af518f16d6e6f8a1c3ce814cb7c6daa1
dr-w15-bl-notification-deliveries-has-no-join-key__crit1.txt	106	5068cb265ecb11951869cabc57789bd70a58003ef493368c7f2b18e0efc5bafa
dr-w15-bl-reaper-alert-identity-is-id-only__crit0.txt	151	47979f65c319cf9a76139d6286af8062e6d0d4423fe1cc9863363d300d755afc
dr-w15-bl-reaper-alert-identity-is-id-only__crit1.txt	100	04d34e37f05054c638c6eb5175dab21c74861739513b1527bb8334aaa264b898
dr-w15-bl-self-hosted-excluded-from-staleness__crit0.txt	158	8fc9de9ec9b3f455c1de17801f6eac5d8c1ec6df7b021f2cecc5d32f104a0241
dr-w15-bl-self-hosted-excluded-from-staleness__crit1.txt	196	58f2ffc89ede3a5e210eb9cd6f43537fddc73b0bfa028023d7593b6d4856fd99
dr-w15-bl-self-hosted-excluded-from-staleness__crit2.txt	97	1c09508acea0b91a73bc963c2c069e4793d6e2862f1a49ae5608ae8e6fcd5031
dr-w15-s3-followup-decode-refusal-phase__crit0.txt	147	acfadf8a45f9f7884dd289190ec96bf30e47e65bb7ef523875195bbdfe00a42d
dr-w15-s3-followup-decode-refusal-phase__crit1.txt	139	984117e8ef508b8909fa3035fef173e16338555f986ea6383555b84a7f773651
dr-w15-s5-capability-reaches-bp-cloud-status__crit0.txt	186	67797f82de6bfd4192aa7152c33069064431bb12bc773805699397b89843ff1f
dr-w15-s5-capability-reaches-bp-cloud-status__crit1.txt	265	b6474c93d6b41974a45bdcbde3ae140b4ded3339391b9eb269ab140ff2ce18bb
dr-w15-s5-capability-reaches-bp-cloud-status__crit2.txt	362	f3926a7e26b5c927e9bc5ada3b80aed49eba049fdfdce52f09489fb8b5cea8ce
dr-w15-s5-capability-reaches-bp-cloud-status__crit3.txt	118	860c3185dd8eb13e059ec8ae049044bc60ffb66220297e5bad1882e1dcc8c8ad
dr-w15-s5-capability-reaches-bp-cloud-status__crit4.txt	199	86615d8372728422fcdff705883051c1c4f768b698d3d3c5b0b5bd3349d4b159
dr-w15-s5-capability-reaches-bp-cloud-status__crit5.txt	189	7ff3119b6e04ee36b64b3975c22867b2f885ea31b3c556e089600fb5477d933f
dr-w15-s5-capability-reaches-bp-cloud-status__crit6.txt	256	22de0944190cd68830012f47d9d292a87a9b338b9595d216826f9b5c49b49311
dr-w15-s5-capability-reaches-bp-cloud-status__crit7.txt	158	91edaa4218e7320c18649f9eca0739734405d4e392222ddc6509cb50bf856431
dr-w15-s5-capability-reaches-bp-cloud-status__crit8.txt	89	375511ba5e67757e5c141ac49da04c7367cc924a19cbec4199de86f886f6164f
dr-w15-s6-live-per-attempt-headline__crit0.txt	220	19013b6389f1c22f89df4d697062c0cca9596765b1c7670aca4ab34969ab46db
dr-w15-s6-live-per-attempt-headline__crit1.txt	237	ddda002fc2dbc4c3ddeaeb18b5cf6c288b39a133eec5631862b7f0312705158c
dr-w15-s6-live-per-attempt-headline__crit2.txt	196	6c89ae05cf72655546419a2d9f3f7949bbba97a8ff9de5bb0c182f29e4932ac8
dr-w15-s6-live-per-attempt-headline__crit3.txt	165	7ce8cf6c3f6c4293d3d48f0d3590e6ff96d6d1e459f68da05d9df1c126a09c02
dr-w15-s6-live-per-attempt-headline__crit4.txt	154	9328e2e94cf578afcc5d764c29f483827e1259584b57e2f38701e2b0523e300e
dr-w15-s6-live-per-attempt-headline__crit5.txt	190	3c0d11094340c916bec7c20baae67ddefc3f52ad0bc0c5908043017766f1fa56
dr-w15-s6-live-per-attempt-headline__crit6.txt	146	b154ea2ed9f3efb500281f2e87797ccb3d6e571ec3c408f7cecf8d777186196c
dr-w15-s6-live-per-attempt-headline__crit7.txt	275	37b5e9e22b00eedbbd1ed7442d0d8de122938d4d7c6a86d4df5af475d854e1fb
dr-w15-s6-live-per-attempt-headline__crit8.txt	89	375511ba5e67757e5c141ac49da04c7367cc924a19cbec4199de86f886f6164f
dr-w16-bl-cancelled-rows-rationale-is-wrong__crit0.txt	138	a28f0ed6d8bfd85ef1a87ef66c6469d72b41083d8f7fc0a5693d3b98c9685b50
dr-w16-bl-cancelled-rows-rationale-is-wrong__crit1.txt	67	4ee61b9e372325a26049f3eb9d41ad8f96728f7cee25387c82176f0159a1f4d6
dr-w16-bl-cancelled-rows-rationale-is-wrong__crit2.txt	101	35066a194fcdd57895bd25e860f2f94a07387bf28731d8caae9ec7cb7a62c95a
dr-w16-bl-deployments-status-has-no-check-constraint__crit0.txt	99	ccc44ce4918d573cd1f492cddbfb2be0809b64121477cf82558e779187f376c5
dr-w16-bl-deployments-status-has-no-check-constraint__crit1.txt	151	cbe8986b6d769bf795fa89a55e2e96e54dd36a3dd5f89b4e2d1132961f53e384
dr-w16-bl-deployments-status-has-no-check-constraint__crit2.txt	133	8d16403362c7505fbf0c7231fdc284bfa4338bfa9fb0f4c2f9985e6bd4e36972
dr-w16-bl-deployments-status-has-no-check-constraint__crit3.txt	84	0dea2c07963ad067d9ce363082be58b058756830f9c71034e7e943c2b8f6a015
dr-w16-bl-emit-rate-basis__crit0.txt	157	b0e98755172d33aada2f152c860c7629fea29776941d96fa6bd881649a73eb9c
dr-w16-bl-emit-rate-basis__crit1.txt	145	c573dc54d3b4f20567fe0615c661927f5119b5d453ba51bc8068fba51c422009
dr-w16-bl-emit-rate-basis__crit2.txt	145	874c139123852ebf8e69b721798c44358d895b033052d87711986e62fe6efc45
dr-w16-bl-escape-census-is-existence-filtered__crit0.txt	106	ab63c9d6427331efced94909426baee4300d1702e84cd7c9eb0fdefeafa04e3b
dr-w16-bl-escape-census-is-existence-filtered__crit1.txt	107	7e16815d34545fb1980fdc891e621f652ecde6cff32ac645872d2fca6813b020
dr-w16-bl-escape-census-is-existence-filtered__crit2.txt	95	e169dffa5f495ce1264d472234e941fd7f13d8d2ab5094377e9d5e69a0ae1f31
dr-w16-bl-live-per-attempt-reaches-the-site-owner__crit0.txt	165	dd56e6ad052800fab48d3a19ee4882b66d7e969b81dc0c29f294bf37304f6be8
dr-w16-bl-live-per-attempt-reaches-the-site-owner__crit1.txt	104	b9de9aecc89d1ddc0ba31c34739b4ceee70fea536be7dbcff4f18d914669d629
dr-w16-bl-live-per-attempt-reaches-the-site-owner__crit2.txt	53	9cb3fe05ba1c61d1e2fc26bd6e5a85a4dcec23bbb4f9560da0623ac88bc98f6c
dr-w16-bl-platform-admin-emails-human-gate__crit0.txt	104	914f23e71974efe15450e19ca7e42a0032993ac0c8ac14eabe2fb9e7b4ff64b7
dr-w16-bl-platform-admin-emails-human-gate__crit1.txt	104	c9a1f6d3c48b014b79726fc876b33025340f5976a7890cd8781ee78611cd720f
dr-w16-bl-platform-admin-emails-human-gate__crit2.txt	174	6a7a55dd45ff849923c3211a5d7f191aa6842c05a7049661ab385165a848da14
dr-w16-bl-residual-cannot-go-negative__crit0.txt	151	22cbc28ca42d33cc8480a9ed255d54f65b47b2801690196c65d244fca0770896
dr-w16-bl-residual-cannot-go-negative__crit1.txt	118	28ba41b9caf1795390c69226df9ef637b48463cb15ff994677b14e3985c1c4a0
dr-w16-bl-unread-arm-all-tags-is-file-global__crit0.txt	72	6b931eeafb42c17ae1cdf8a59491c99716179bb056a057ff09f1b42052e57738
dr-w16-bl-unread-arm-all-tags-is-file-global__crit1.txt	157	6c3aa24616434244536f8d47d99ff4afe1b26ac86d47b58b9e4c342ca6e061b2
dr-w16-bl-unread-arm-all-tags-is-file-global__crit2.txt	133	7326b6ace9297a288b5a58bf82b49754d7910ea602ae943af027ec01bd285578
dr-w16-bl-widen-escape-fixture-then-raise-floor__crit0.txt	162	351370a3a129ee9c55c4b56cd9d292f1c9184d5bd9fca884c49934001446f0d1
dr-w16-bl-widen-escape-fixture-then-raise-floor__crit1.txt	139	c1c265b9ba383808c5a6a3a23c4c9447c51a3f540126ddb26da7635c229bb33b
dr-w16-bl-widen-escape-fixture-then-raise-floor__crit2.txt	123	39480c7af61a6df6083a402eec52ba7d57f1ffe1180ca2a4ed91cc7cb2559523
dr-w16-s3-followup-class-vocabulary-unreachable__crit0.txt	161	5e17cb46e9b274ae4395e7e2cf797b0cb4acd159bd4952aaa4b8a7cb500608d1
dr-w16-s3-followup-class-vocabulary-unreachable__crit1.txt	181	1e91858be0d0fac2e3fd67a44dd0236ceb719101c8c80021eb647aa7214824a9
dr-w16-s4-per-site-row-named-producer__crit0.txt	153	4bb5831a988bfba12909009ab621d9e2f2f108f61a41a84ab7bf1ed2abe68354
dr-w16-s4-per-site-row-named-producer__crit1.txt	226	26b41f009da3df399246a15bbac8e2c64c983eedb5facf913feaebf9a8ae4686
dr-w16-s4-per-site-row-named-producer__crit2.txt	294	79ef4fa8cd9351f1452b5bb24b62216e766620cc69db8fe2a221d327f93c85c3
dr-w16-s4-per-site-row-named-producer__crit3.txt	181	e222a580b4d2fef40ad0fca7c8906f6d59fae78125e59ebd5d2b77b98831ef09
dr-w16-s4-per-site-row-named-producer__crit4.txt	235	350d7a2131b2db59f202bef46e0e2b3061d4de3664cd6ebb9eb2a2d79e1665be
dr-w16-s4-per-site-row-named-producer__crit5.txt	196	25971d19597c1131de11d1a32f288f60ab2e020b7c2992da7dfc4e6bd267f49d
dr-w16-s4-per-site-row-named-producer__crit6.txt	154	d2ab89924a06ac8030c3c258a85a79db88e510fbf3b0746304a90dd8d270eeb9
dr-w16-s4-per-site-row-named-producer__crit7.txt	86	a817cd187c45494b1d9a9bcc5a262dd2690579177e5d3936b4cb650912ba3127
dr-w16-s7-boundary-and-continuity-gauge__crit0.txt	260	4ba285216c1935b3d412f16270a36291a7e4368a7ea0b09078feb6ad00806429
dr-w16-s7-boundary-and-continuity-gauge__crit1.txt	209	d527b2bb9d0af122387eeb27ae44b72b15649c131f354f60e1f2750385476edf
dr-w16-s7-boundary-and-continuity-gauge__crit2.txt	232	bcd0df067a630d0519b42a6111e1a96e352867c0c2c9d8e06c4494972619e3e1
dr-w16-s7-boundary-and-continuity-gauge__crit3.txt	300	ba6f0bd4635baf3720274b92b3c68ddaaf3c9e3d63ac263438a41cfacfa99f56
dr-w16-s7-boundary-and-continuity-gauge__crit4.txt	199	ac3bd70d499d68d0c1ea1cbc7064e00b5e6de52a6471f6629b9796e27870d619
dr-w16-s7-boundary-and-continuity-gauge__crit5.txt	212	4910707a1e3eabc8048b1736647a1acf740dda06cf256ea26c24ed104a7f5e3a
dr-w16-s7-boundary-and-continuity-gauge__crit6.txt	204	2ca7876bc6083394bd60a17915a2b79fa873df25362cd8906dfaeb8f4f8005b0
dr-w16-s7-boundary-and-continuity-gauge__crit7.txt	169	1dd5cd6480a4016cddd95b3b963202288cf9c3e301e841c99acd28207a421c29
dr-w16-s7-boundary-and-continuity-gauge__crit8.txt	230	5465b1e44cf85608b1206b1f10ce7f233d79cb948d796473b68b28c8264872f5
dr-w16-s7-boundary-and-continuity-gauge__crit9.txt	342	68cbad2d5d3a1d58eb1bef2497e90410c2309409725f003c839c1cc7a98934d9
dr-w16-s7-boundary-and-continuity-gauge__crit10.txt	86	a817cd187c45494b1d9a9bcc5a262dd2690579177e5d3936b4cb650912ba3127
dr-w17-bl-console-cannot-read-the-census__crit0.txt	128	e1675f4f08aa5105f92e805877d68afa92f33603682c533fc41c71a5a70eb6de
dr-w17-bl-console-cannot-read-the-census__crit1.txt	108	29ace03228eee4e30fd4d926f0d2fb1f8293ae21ef282a278c9d43f7325fff73
dr-w17-bl-console-cannot-read-the-census__crit2.txt	138	b0593c99aacaeb0f488d9bba30d185233cc8edde99f3705cfe166a152a8973d7
dr-w17-bl-d229-boundary-is-a-date-and-should-be-an-instant__crit0.txt	167	b1ebd7c4841c8a78b8e43ee75d7da8a15b95085a72c710227db10e2bb105b244
dr-w17-bl-d229-boundary-is-a-date-and-should-be-an-instant__crit1.txt	147	dc7ac71ec198d2aac969435a2cbcffe3039102e8d22284cc0583ef3e9658f60d
dr-w17-bl-d229-boundary-is-a-date-and-should-be-an-instant__crit2.txt	152	35d3c417f9ec291aa2c23c0434b7831d67ae743c764a36e6b17891f178ad7ae8
dr-w17-bl-d229-boundary-is-a-date-and-should-be-an-instant__crit3.txt	255	051a86faed28f7299de4e1eb4e7c2eef95fb951af964bd3919ef4f555059ccf6
dr-w17-bl-embed-cannot-see-failure-class-deferrals__crit0.txt	141	02ae51ed885367421b029b99a88e96ceed50c1d986a519690aacf7b7794ade95
dr-w17-bl-embed-cannot-see-failure-class-deferrals__crit1.txt	150	b4756a82cfcb433f195004c822ddbdf1f4373ef10b852241433be12fda8f544f
dr-w17-bl-escape-floor-cannot-lose-in-either-direction__crit0.txt	152	fd309350c3d216d86235943662df91ea98eefcf5059ba39bff7e58d19da2e135
dr-w17-bl-escape-floor-cannot-lose-in-either-direction__crit1.txt	157	d2abf57c001dd4b5cf5368f921a1d7d19acddb6c18e8d1c1ab96f56d0121a652
dr-w17-bl-escape-floor-cannot-lose-in-either-direction__crit2.txt	174	df033eb3d5e5fa0bf22e50af603f1d0d459ea28c2cafe74b0d1960c303ff7b2a
dr-w17-bl-eternal-queued-row-has-no-prod-specimen__crit0.txt	177	2ee82625420aafc91999d4e289ddd6cba844e2ec7c0c5a7379217c5b9b9ab167
dr-w17-bl-eternal-queued-row-has-no-prod-specimen__crit1.txt	156	ba60163e1a423230fc8f38fa9c9cb65f25333794605cbf9cbc2a24fff36db329
dr-w17-bl-eternal-queued-row-has-no-prod-specimen__crit2.txt	152	11e64b06ee22398c4f09fd4aab12e6f6603a37deebf29283728298591560332b
dr-w17-bl-map-fail-open-premise-is-inverted__crit0.txt	174	df01a2e9a84dad772ef51bfc3c8347df814bb788bf6b744dbaf874d0428aab11
dr-w17-bl-map-fail-open-premise-is-inverted__crit1.txt	185	70a6151194322cc402f6d81b613fbff4e53f9acb7a8520f84db16814c638aa24
dr-w17-bl-map-fail-open-premise-is-inverted__crit2.txt	229	c55c248ea607109efeb5fe6b1c9c52c92f6d64678763e648de8ff837cccf3ac5
dr-w17-bl-map-fail-open-premise-is-inverted__crit3.txt	108	091a4bc2ba0385f02383efac7572dc5fe8772742ba540124641907906af853e0
dr-w17-bl-per-site-cost-needs-paging__crit0.txt	208	df24a05555d93c42c0b8ac60c3b04117c9c90a0c5b4748103108fd349ecb00a3
dr-w17-bl-per-site-cost-needs-paging__crit1.txt	211	3a6138d4d083a3aa59f19a1f79aafe24d162668fe556b30e5fe4a7a79c8a991d
dr-w17-bl-per-site-cost-needs-paging__crit2.txt	191	fcc7a06ecab2537b851a4e58e8c07f129bc9809003671953bf2be3470323f58a
dr-w17-s6-followup-stale-census-route-reason__crit0.txt	205	1ea6540e16a8129022ae6d4a78a952744f31a2602699e7ed37a47e18b43bc54f
dr-w17-s6-followup-stale-census-route-reason__crit1.txt	133	e663f1c62885b67ba53a1e31abdfd213159f7fc8f9da7b0e7b8f50313b0b793a
dr-w17-s8-census-names-its-basis-rows-not-attempts__crit0.txt	203	f7f0f44dd1b4465d545f1350f3b198dcbceb3ac4c777bf3bcc2ec3346f95c640
dr-w17-s8-census-names-its-basis-rows-not-attempts__crit1.txt	198	4b4b0623299101b4efcba32c3cdc40d693e279e3929b468bda3d5e28f2d2d81a
dr-w17-s8-census-names-its-basis-rows-not-attempts__crit2.txt	193	528bc310887233d387bbe3547b3a6b0baeaa21c92aea1ff16d7e1538d1339105
dr-w17-s8-census-names-its-basis-rows-not-attempts__crit3.txt	334	a67d887cab31590c1d0dc235c6c94e730c4a155933dc8c40e12a068282dbf90b
dr-w17-s8-census-names-its-basis-rows-not-attempts__crit4.txt	332	d546517c28875bd69a56129cedcbf046d48632a0c9f7a9ea6c750da16633d4ea
dr-w17-s8-census-names-its-basis-rows-not-attempts__crit5.txt	253	5a015c0da02f9136bc1ab592227c78df723ad35fa3fd7631ccef27e29e5b07fe
dr-w17-s8-census-names-its-basis-rows-not-attempts__crit6.txt	178	39909a6f46a0767f31d100b634ca88f4ebe38613f08993eded2c96493d5c8d4c
dr-w17-s8-census-names-its-basis-rows-not-attempts__crit7.txt	94	1db1c2dfde7352a6e138f3e8cfc42775115a21e490e8f61ef7c448b33fcb117a
dr-w18-bl-boundary-continuity-gauge__crit0.txt	236	56058b210ee3091a9ad9123cd5016fdbabecf43f3d103e0dd7ed16d4cebd3a6f
dr-w18-bl-boundary-continuity-gauge__crit1.txt	89	7d24fa7a49a726d9d4a30ee2963aa9540ec0693655e4b1881a7296cf6ff32556
dr-w18-bl-boundary-continuity-gauge__crit2.txt	151	6c3ff74dd78f81a33db111d29170f0837ed07d3a402ff0cbd73343ff9acb202b
dr-w18-bl-boundary-continuity-gauge__crit3.txt	61	dd2d87a3f327ef2ec082fdc8a6eca033d47ea69adc77f09fb68a2baa470695c3
dr-w18-bl-census-headline-still-says-fleet__crit0.txt	201	5cf66993a8a0829bdc43f653b1137bbf320b16db2422b051d1baaefcfa9790e4
dr-w18-bl-census-headline-still-says-fleet__crit1.txt	98	a76f45495717c72322e75f97e0f44951129e7d01d4a8c01bc019eb65df25a7b6
dr-w18-bl-census-headline-still-says-fleet__crit2.txt	130	cb858af6f607735cbe18ff24221d1352291f1fd6a51dc9bb2aba19ddc61364f3
dr-w18-bl-census-site-ids-are-unreadable__crit0.txt	236	56058b210ee3091a9ad9123cd5016fdbabecf43f3d103e0dd7ed16d4cebd3a6f
dr-w18-bl-census-site-ids-are-unreadable__crit1.txt	89	7d24fa7a49a726d9d4a30ee2963aa9540ec0693655e4b1881a7296cf6ff32556
dr-w18-bl-census-site-ids-are-unreadable__crit2.txt	151	6c3ff74dd78f81a33db111d29170f0837ed07d3a402ff0cbd73343ff9acb202b
dr-w18-bl-census-site-ids-are-unreadable__crit3.txt	61	dd2d87a3f327ef2ec082fdc8a6eca033d47ea69adc77f09fb68a2baa470695c3
dr-w18-bl-console-and-harness-ladder-drift__crit0.txt	236	56058b210ee3091a9ad9123cd5016fdbabecf43f3d103e0dd7ed16d4cebd3a6f
dr-w18-bl-console-and-harness-ladder-drift__crit1.txt	89	7d24fa7a49a726d9d4a30ee2963aa9540ec0693655e4b1881a7296cf6ff32556
dr-w18-bl-console-and-harness-ladder-drift__crit2.txt	151	6c3ff74dd78f81a33db111d29170f0837ed07d3a402ff0cbd73343ff9acb202b
dr-w18-bl-console-and-harness-ladder-drift__crit3.txt	61	dd2d87a3f327ef2ec082fdc8a6eca033d47ea69adc77f09fb68a2baa470695c3
dr-w18-bl-deferral-cost-is-fanout-width__crit0.txt	236	56058b210ee3091a9ad9123cd5016fdbabecf43f3d103e0dd7ed16d4cebd3a6f
dr-w18-bl-deferral-cost-is-fanout-width__crit1.txt	89	7d24fa7a49a726d9d4a30ee2963aa9540ec0693655e4b1881a7296cf6ff32556
dr-w18-bl-deferral-cost-is-fanout-width__crit2.txt	151	6c3ff74dd78f81a33db111d29170f0837ed07d3a402ff0cbd73343ff9acb202b
dr-w18-bl-deferral-cost-is-fanout-width__crit3.txt	61	dd2d87a3f327ef2ec082fdc8a6eca033d47ea69adc77f09fb68a2baa470695c3
dr-w18-bl-route-added-keys-escape-the-census__crit0.txt	236	56058b210ee3091a9ad9123cd5016fdbabecf43f3d103e0dd7ed16d4cebd3a6f
dr-w18-bl-route-added-keys-escape-the-census__crit1.txt	89	7d24fa7a49a726d9d4a30ee2963aa9540ec0693655e4b1881a7296cf6ff32556
dr-w18-bl-route-added-keys-escape-the-census__crit2.txt	151	6c3ff74dd78f81a33db111d29170f0837ed07d3a402ff0cbd73343ff9acb202b
dr-w18-bl-route-added-keys-escape-the-census__crit3.txt	61	dd2d87a3f327ef2ec082fdc8a6eca033d47ea69adc77f09fb68a2baa470695c3
dr-w18-bl-team-census-has-no-delivery-node__crit0.txt	236	56058b210ee3091a9ad9123cd5016fdbabecf43f3d103e0dd7ed16d4cebd3a6f
dr-w18-bl-team-census-has-no-delivery-node__crit1.txt	89	7d24fa7a49a726d9d4a30ee2963aa9540ec0693655e4b1881a7296cf6ff32556
dr-w18-bl-team-census-has-no-delivery-node__crit2.txt	151	6c3ff74dd78f81a33db111d29170f0837ed07d3a402ff0cbd73343ff9acb202b
dr-w18-bl-team-census-has-no-delivery-node__crit3.txt	61	dd2d87a3f327ef2ec082fdc8a6eca033d47ea69adc77f09fb68a2baa470695c3
dr-w18-s3-fu-withhold-consented-clause__crit0.txt	339	cb6a8119d17e0aba0923375230ade90a7ebf81fc6154c11e8fb078607461db86
dr-w18-s3-fu-withhold-consented-clause__crit1.txt	122	918a725b5d12bf3e1352b47e7856e2ec6401a9418e9c7e27c4f1b1d9e97f87b0
dr-w18-s3-fu-withhold-consented-clause__crit2.txt	138	4555f8f660412185258234814635a5fa21a8e6bf0a181b092181924622168ec9
dr-w19-audience-registry-fail-open__crit0.txt	194	af2a2dff4f7e64129e8ce19c19f7baf0fb051045aea8bfb075b6eefef72291dd
dr-w19-audience-registry-fail-open__crit1.txt	108	149eeda913c52800f5f9789a3801317483e82a60847f196a2ac68eb7c2394bee
dr-w19-audience-registry-fail-open__crit2.txt	146	3cc21043b8a7e25dcf01e12bb2014d27f13832997343ac2a673927ca4e9589a2
dr-w19-bl-49h-cd-blackout-cause-unaudited__crit0.txt	203	d857c0cbf857a9b8c2350beb8288689f0b88c1f164a323e77c1755ab7fc05abe
dr-w19-bl-49h-cd-blackout-cause-unaudited__crit1.txt	134	6b5dffc15faf8b002c54c13ed6c209c80db7f3564210d73b3f75c5a6ade8c22c
dr-w19-bl-49h-cd-blackout-cause-unaudited__crit2.txt	172	af901db1e0cabbb51a75c40a08ab62959af50289185dc06cb0186b2403c5bd16
dr-w19-bl-49h-cd-blackout-cause-unaudited__crit3.txt	161	9fc5668004948be5521d04ca2ad8d4b372fac4f5b1f432714d28e8b0e38538af
dr-w19-bl-agent-results-is-a-black-hole__crit0.txt	233	02cb9eacfe773d5c7363dcbed36ef751bb59f3ebedc703de45f6b69227e35864
dr-w19-bl-agent-results-is-a-black-hole__crit1.txt	157	2b4256c95a1d839f52008e11e6528537f1fbf0ff8203061928c6acab7357ba13
dr-w19-bl-agent-results-is-a-black-hole__crit2.txt	156	af30550e54bdaded2c9294daad42fd7f22315a4cdd31657be61feec9f7267862
dr-w19-bl-agent-results-is-a-black-hole__crit3.txt	87	9cbe8ddf69b927f6f2d8f26c1e57e95f4fc2c28a9fd82cd57c11da4fb40119d1
dr-w19-bl-arm-route-incidence-then-fatal__crit0.txt	217	80ce39b188eb2ec2b2e65b1fae5106657fa18f4764131dfd232e366fc3524067
dr-w19-bl-arm-route-incidence-then-fatal__crit1.txt	118	e9225b6bea9039b40d341168a60f9eb3dcb8c7628f7c3e5515922086e693eede
dr-w19-bl-arm-route-incidence-then-fatal__crit2.txt	198	8606007407c52f765521da4db0baf238332e7fd6d81a523603091211bed6f669
dr-w19-bl-arm-route-incidence-then-fatal__crit3.txt	138	9b40360029e4cbd59dd3182162ea611852855ec1bea882d9b94dc136960c7d77
dr-w19-bl-coalesced-counter-reads-a-confident-zero__crit0.txt	238	0a78316249717dc80c00b4b2a881438afb81fc6d2feee049ffa802a2d58d9a35
dr-w19-bl-coalesced-counter-reads-a-confident-zero__crit1.txt	110	b031f9a365804bdb4c2800ad81c4995235ecb6d67d61fb1f251fd9e505b80f80
dr-w19-bl-coalesced-counter-reads-a-confident-zero__crit2.txt	190	1dc049e10b623259715bf43d9e8bbe3d48c5b06c94d6620cd77f9e6607f3694f
dr-w19-bl-coalesced-counter-reads-a-confident-zero__crit3.txt	128	08376b02a06858e488350d03e1273694fc1f97cb86459154490e4e91141f8e81
dr-w19-bl-collapse-the-four-spa-ladder-rows__crit0.txt	129	86bf980d68b975ea1512c7ed7e4a972bee81ee93d41cfc2b9929936a03209fd9
dr-w19-bl-collapse-the-four-spa-ladder-rows__crit1.txt	183	7f0d0d3cc9ae814f5f3ab3c382dcdde5eeabbd8c695e3df949ead18403d6d7a1
dr-w19-bl-collapse-the-four-spa-ladder-rows__crit2.txt	175	59046c33b0868f69e25fb77b923e9468ebaed3e421a194636de632454614dca3
dr-w19-bl-collapse-the-four-spa-ladder-rows__crit3.txt	173	f7d52d6dff08dcbb562f0f8643ccbc41b1cad508f808f5414abc4c6392a6a38b
dr-w19-bl-cp-deploy-print-only-probes__crit0.txt	192	268aef4b8ad771b13af7826ac02fd46a7404b32dc11f57bee98a960e3b7cec30
dr-w19-bl-cp-deploy-print-only-probes__crit1.txt	126	d041e6360f88d7db7e1514b28bbea25ea527d1db5fbdda968523f5a66ca4b44f
dr-w19-bl-cp-deploy-print-only-probes__crit2.txt	98	4a17b18692cf53f355b5ce69b3633c35ad7285e33f93e43fd2bc71bee94c134b
dr-w19-bl-cp-deploy-print-only-probes__crit3.txt	162	2966f5fe5c8c4a5919791890572371f24eb28a90b08efa997ae42e19f8af4610
dr-w19-bl-cp-deploy-print-only-probes__crit4.txt	123	03655bdb3a9a9a5fc94ba419a28f6c463cc677156a72ab93b156cde685ce34c4
dr-w19-bl-cp-deploy-print-only-probes__crit5.txt	87	9cbe8ddf69b927f6f2d8f26c1e57e95f4fc2c28a9fd82cd57c11da4fb40119d1
dr-w19-bl-health-gate-probes-skip-silently__crit0.txt	158	eb723eb5ee6d39c6637b3a98b77f9d78fd156c42d60e4c8c662ee18a7fb814d9
dr-w19-bl-health-gate-probes-skip-silently__crit1.txt	177	6bef7548fdcbdd6621c91db0e4896c807b83bfa243e01238d2680e027654bfa8
dr-w19-bl-health-gate-probes-skip-silently__crit2.txt	163	ae21c31c0e79852908d87a4f5f9e01735bea6744565eabc964b023d5cb38950f
dr-w19-bl-health-gate-probes-skip-silently__crit3.txt	97	0c5ec3218781ff18b2147a8a346418990b5bd2f3f3b9ea02053068dbcc6b731a
dr-w19-bl-health-gate-probes-skip-silently__crit4.txt	87	9cbe8ddf69b927f6f2d8f26c1e57e95f4fc2c28a9fd82cd57c11da4fb40119d1
dr-w19-bl-reaper-quadrant-close-by-construction__crit0.txt	150	04b5ec191c16c2e3c1a62a206da3437aced544ef440a2e821e44c27985536c94
dr-w19-bl-reaper-quadrant-close-by-construction__crit1.txt	205	dae7b770d658260bd05b75e7b81a0c75f65c1143a9c1c9b1f300ab3981b00a0d
dr-w19-bl-reaper-quadrant-close-by-construction__crit2.txt	88	b0b00d67f664bf4231e76989dc8af875ecabcd2443df9ab330d9bf58c858df98
dr-w19-bl-reaper-quadrant-close-by-construction__crit3.txt	138	4022b91e5814de4002ea7b78f1a9240151b8037f9517686727c1c07fbb4e2303
dr-w19-bl-reaper-quadrant-close-by-construction__crit4.txt	102	6bb50c2bee84f355b7fd8f3fc7c30aa905734d8f82c07f9a5299b17aa81ae4b6
dr-w19-bl-reaper-quadrant-close-by-construction__crit5.txt	87	9cbe8ddf69b927f6f2d8f26c1e57e95f4fc2c28a9fd82cd57c11da4fb40119d1
dr-w19-bl-zero-criteria-rows-need-a-refusal__crit0.txt	217	fdfe9cbe98a0304cf47957e68fd21370e1f467f90fe242b69194a1820ce61d94
dr-w19-bl-zero-criteria-rows-need-a-refusal__crit1.txt	160	fcaea082cfd1c6056970d2e2c232e46b44a652407dd603e735e3ca755a9f3e35
dr-w19-bl-zero-criteria-rows-need-a-refusal__crit2.txt	141	c0ed6f19e60bcfaab04810ceb96f8eac1cffab1e437e1e3ecc5ebd13b69c3837
dr-w19-bl-zero-criteria-rows-need-a-refusal__crit3.txt	136	bfde04bfe8c7f0cc90318f38877c67153fc37a71d4bb03440ce7261306af5af2
dr-w19-fleet-digest-audience-still-empty__crit0.txt	345	c64483f19108d334da71d538587566ef941ed14944b19e2b4df5f8d9f5b92ccc
dr-w19-fleet-digest-audience-still-empty__crit1.txt	279	2e875fd6c822e4f6d439df1e343e4de69b68a51e7f2cbefa19fb4d84266b7c2b
dr-w19-fleet-digest-audience-still-empty__crit2.txt	212	449fed108b393ddbe3c80584ffc66be21ebd8d8f52fdd721856ed4b91092f825
dr-w19-hg-cloud-control-plane-read-token__crit0.txt	205	7df4452cfde139e408cc2298d6200c581bc550e100ec6f8e586b670040258d92
dr-w19-hg-cloud-control-plane-read-token__crit1.txt	94	7241e259df127d0a2268dac5492cfb1ea50a29515bba559222633d7555cebe58
dr-w19-hg-cloud-control-plane-read-token__crit2.txt	236	5a4346d924acb30549ab9a167f785b768e5e4ff94bba8aed3b881668a5dce86b
dr-w19-rollout-brake-is-machine-only__crit0.txt	411	174cef6ce4e27e579c4405e3f8ee84092b5687d1653d7f065b9c5b0ebaa612fd
dr-w19-rollout-brake-is-machine-only__crit1.txt	294	5f488e63c9a0fd2d57d3c68ca82e756254125a0fe268201e460d46f5ea1a6074
dr-w19-rollout-brake-is-machine-only__crit2.txt	248	96b6408e557e54ec09bd36665c6cd4a56f5414f34bb77f99e6abf8f3f3c97b13
dr-w19-s7-followup-status-json-deploy__crit0.txt	196	2084c78282ebb76dc98fd9cb7af6295c0f189ffdbbf992fe76458aa88791028a
dr-w19-s7-followup-status-json-deploy__crit1.txt	163	24d337c806aab9ffc17508f5593efe49cb731f9f1701f178b11d4578759a8e91
dr-w19-s7-followup-status-json-deploy__crit2.txt	130	2796b76a5571a46042ba62dcfc5128eba6e6bf71b34410983f8e1269a06f077e
dr-w2-s1-followup-oom-tee-flush__crit0.txt	166	c23bd94010563b138a78661f2e9b686e49232ceaf9f7c207ef090716f5c1e384
dr-w2-s1-followup-oom-tee-flush__crit1.txt	104	8f3bfbfc9d5ab3768b0e5c38e4cc2631a614d2b7fa3747f972f54cfb5f90c585
dr-w2-s2-verify-capstone-selfheal-live__crit0.txt	210	5a7e83ff2e4a89ee304825ceaafef599c9f47ca0440aff3b7c4defb13f85795b
dr-w2-s2-verify-capstone-selfheal-live__crit1.txt	154	33ca284986e12771a7eb8bd3c233ced7be2797344cf4deb925bd5d30e2a9eaf5
dr-w2-s2-verify-capstone-selfheal-live__crit2.txt	101	c2989e4ef4c7099a7787a3e8464a076ccd1c3df5932fa7dd4360d9d871e403b0
dr-w2-s2-verify-capstone-selfheal-live__crit3.txt	155	d54495173d729618f80caa7f1577962d3d12c90223e05c179c9bd605b29da8f2
dr-w2-s4-followup-raw-log-order__crit0.txt	210	f07dfbaf7097eb6aab16a2782f70aeb99ee5b1c08711ffd1028c15cb07f81aa4
dr-w2-s4-followup-raw-log-order__crit1.txt	115	c1548c01bef3b851a18411555e7af0e7b01acee4fe60e4c9f06dbd4d29d8ecd3
dr-w2-s5-followup-deployments-verb__crit0.txt	246	cf407d8d9f9354ea5d83c657f5e230bbceb5b729779a0a40c073b33646004c37
dr-w2-s5-followup-deployments-verb__crit1.txt	153	dee97004cb2e814eb257c34892fac0420043e08cce8ba6ef7d5680170725cce8
dr-w2-s5-followup-deployments-verb__crit2.txt	138	cc3bf4f94b331502e1f2df482a5e27cd9575f80588f43f69cc1aedc5954e6990
dr-w2-s5-followup-deployments-verb__crit3.txt	166	e7038b40a4b4ce55f5b6b497ec8e3d3d1f0482938600d2c1263688e6766b0a52
dr-w2-s7-followup-scoped-media-public-read-audit__crit0.txt	152	ebb128486c8ed2b9b878e737cce0da9dbdf14e1bd7e0eb8b34978088abd657aa
dr-w2-s7-followup-scoped-media-public-read-audit__crit1.txt	239	a6e7589be4a642f2bb85341818cd4931b2ac5cfc2fef05d0445bdf47ff72b805
dr-w2-s7-followup-scoped-media-public-read-audit__crit2.txt	214	ae078378e1feb7ff93d4ad8a64735e5249d091f61ffe2a6e03ae59cb36238b8f
dr-w2-s7-followup-scoped-media-public-read-audit__crit3.txt	198	999c34fa3d0a86739e481ee5dac16044ad81271a465d72753b895cdf7f992b81
dr-w2-s8-after-measurement-both-conventions__crit0.txt	179	81fe65a354e0ce6750b8eb66a390c854a8eafee3fc8f668e3cc7a717536e74f1
dr-w2-s8-after-measurement-both-conventions__crit1.txt	188	c4b6b80c06910ee349fa12d5bd46f0c65e11e60d8cbbe2c0a1ee21bfad28c72e
dr-w2-s8-after-measurement-both-conventions__crit2.txt	226	387bd10163f1f8bdce75f591fd1b9a7150aadd4985c70bc3f74ca9c17fad409c
dr-w2-s8-after-measurement-both-conventions__crit3.txt	176	15e6814e48ea4b7716f09af62099170cd3fbef1becb600415770d320d604ac22
dr-w2-s8-after-measurement-both-conventions__crit4.txt	187	8b55431cc70f5f032e75fe984e2532e882d1725e865fcc752fd17eb03de13fb0
dr-w2-s8-after-measurement-both-conventions__crit5.txt	166	6a457acd02486964c92d015dece2800cc6e7caee399716c72eee234a1a533a57
dr-w2-s8-after-measurement-both-conventions__crit6.txt	224	868e4424209b5450d82f73b996c3fc5d2ea93b0b09231f81d91a95a57ec0ec4f
dr-w2-s8-after-measurement-both-conventions__crit7.txt	175	66f42fcf21661c03241ffe1889f97d31688d171b387abacb6062d08334906349
dr-w2-s8-after-measurement-both-conventions__crit8.txt	212	fbf578fb5f59264e48e103235390a4dc4860e0053aa1af544569dfff2ae518d3
dr-w20-bl-arm-and-flip-paths-with-no-selftest-row__crit0.txt	196	80690cd605c55f39f59e041c661d769cc5628d8812af3286967171c45f279e03
dr-w20-bl-arm-and-flip-paths-with-no-selftest-row__crit1.txt	113	62b529a1bfc1563c9587d48001a4c640185a976f425c71bc9ccb1353c5ea6c31
dr-w20-bl-arm-and-flip-paths-with-no-selftest-row__crit2.txt	240	836c5fbaf2699ad3043bb19571acb1ec7809a87708827fa722553bbe7d4a5259
dr-w20-bl-arm-and-flip-paths-with-no-selftest-row__crit3.txt	216	85d56da0c1ba27b5378801185587e9f132333a1155ee08e2ceeb587aee56d10e
dr-w20-bl-cp-deploy-cannot-clear-a-wedged-endpoint__crit0.txt	200	ba17a32ea4af3fc03a420b497fa7fc38a66b3f89a903c35e04c4d984813e7fae
dr-w20-bl-cp-deploy-cannot-clear-a-wedged-endpoint__crit1.txt	240	1a25e732dc9d08bcbd864d15a411cf0be6f968e6d8f50476908b13022d7a8cd4
dr-w20-bl-cp-deploy-cannot-clear-a-wedged-endpoint__crit2.txt	156	8d017e4bc53fbef367c76a0880245a435591ef60c899be96e4f64bf51a9431a8
dr-w20-bl-cp-deploy-cannot-clear-a-wedged-endpoint__crit3.txt	171	738dd43a74ea2245ae2a3cdb0e1df6e1e5c4686bc38b5cb8c9d408a716c37a03
dr-w20-bl-debounce-window-live-experiment__crit0.txt	184	c589f23992d6e6080425c5b9552eadc3c8cdc9d887e09a038b1717022baa042f
dr-w20-bl-debounce-window-live-experiment__crit1.txt	124	eb7059a07a1793379b52b04183a574a72f061c42fb8101202f469c8416191917
dr-w20-bl-debounce-window-live-experiment__crit2.txt	244	8b56fae78352f645fd0439a45c047dce9648d01c07378ae5366ef127ffe79912
dr-w20-bl-debounce-window-live-experiment__crit3.txt	166	3b1d95e8f35cc1459bf383f871f482cd7d5909128459cb5e688620cf6f750a63
dr-w20-bl-fleet-digest-receipts-have-no-team-reader__crit0.txt	139	a78c3d43b6435a7703417bd76ed677cdfd25c5074b6d9a064449ae9c07782224
dr-w20-bl-fleet-digest-receipts-have-no-team-reader__crit1.txt	164	12a54a60a5ccd68a5608c781f88467e64cd2f57ff9ff47cb9f0b40a8c5d93692
dr-w20-bl-fleet-digest-receipts-have-no-team-reader__crit2.txt	147	05deca00c1fda36601cb79fd1066a8438cddd261095ab6a6b1e6c2749f73adcd
dr-w20-bl-instance-target-has-no-serving-sha__crit0.txt	237	c536da93c27d7edc629fbf5a5ce5164f61e2efe9b0033cd73ecb7e1d9e4bf9c9
dr-w20-bl-instance-target-has-no-serving-sha__crit1.txt	188	a4274e53aa3693d2df42d87807b8a46209ee6f62735377436b3ec23c04716eef
dr-w20-bl-instance-target-has-no-serving-sha__crit2.txt	132	05486af770ac3c0d7c96d05298f2850d63423f081a131f72764cb5c8c64cf950
dr-w20-bl-instance-target-has-no-serving-sha__crit3.txt	226	6da8041bdd12c04ab09c6988e7ed2a7081757a7bf58db2cb32672e49115ffe51
dr-w20-bl-instance-target-has-no-serving-sha__crit4.txt	129	eacf562edeef19f2e1cc12632e848c85289e3d078b70442266cd233f5512845d
dr-w20-bl-provisioner-restart-cannot-fail-the-deploy__crit0.txt	252	78d9c823caa8c739a367fb9a5c4095a7115ffb8e6dd1065fdf11d41265179289
dr-w20-bl-provisioner-restart-cannot-fail-the-deploy__crit1.txt	224	b30312f6a9bbe4cb9671b800ccc733f3fdebcb3b636b1073acb23f19df3d613b
dr-w20-bl-provisioner-restart-cannot-fail-the-deploy__crit2.txt	176	91f64e00b48bf6bea6315ef2116812bdba5b762d811900bfcd7f22a22f3de74c
dr-w20-bl-time-to-coverage-is-the-gauge-that-can-move__crit0.txt	149	e320306436ed2e61373904bf5692a0d0d2e3a29ffb449616e3650680de3325fd
dr-w20-bl-time-to-coverage-is-the-gauge-that-can-move__crit1.txt	213	ab142effd70629cf00066f59a4ab0bec377100f47139081e72f17a22813eb848
dr-w20-bl-time-to-coverage-is-the-gauge-that-can-move__crit2.txt	138	6339842d14aecbb0baa62fee5dc03f6c01fb26980e5e5791c6f9c3bd6f8b8885
dr-w20-bl-time-to-coverage-is-the-gauge-that-can-move__crit3.txt	106	0b7f4dad9066226d366c9c3450ce4fb0b59191b74884de1ee30cf33059c94327
dr-w20-bl-w18-s5-fixture-path-survives-its-supersession__crit0.txt	153	2dd6e1838a489fd6fdece1f92fe2726c6b9f25f84cc7b222bea9ea04412b1c74
dr-w20-bl-w18-s5-fixture-path-survives-its-supersession__crit1.txt	129	812ae076dc894c9f4ec49d7229d12bd7d29cb205cf33abed5e289680cd1ff19e
dr-w20-bl-w18-s5-fixture-path-survives-its-supersession__crit2.txt	143	4f3d6f3102cfc40205477505e8f58c1e1fc38f76d89aaf1f9e840379a7d93651
dr-w20-followup-defer-depth-double-scan__crit0.txt	169	2afc40c80fe81f1b75ee8886c4da79603a96f37a9733e9f1ad60c6b001626068
dr-w20-followup-defer-depth-double-scan__crit1.txt	204	e9ceb29a3cc2953c4e65c25e10436b25c6b013ee61843c3c0220730ec90f662a
dr-w20-hg-demand-cut-is-the-owners-call__crit0.txt	269	34b6fb0b12e17948710200d44e8f0d3c7187d1724c8bc4dc1edf6e96d656f609
dr-w20-hg-demand-cut-is-the-owners-call__crit1.txt	234	afe1b5875b259e34741a2bba6111f83e4757b9934c923a3ac5b593ee51e5f7bf
dr-w20-hg-demand-cut-is-the-owners-call__crit2.txt	165	9962f6235ce36c7ab42b2f45d6a31a99fb830562b6812384cf1f3e9fe8eb085e
dr-w20-refusal-backoff-after-census__crit0.txt	172	a3a99c84802f6e9d889816a20d6bd8ce6310803672ce693ed3381d239184688c
dr-w20-refusal-backoff-after-census__crit1.txt	261	6cbcf7632cafc004681b5213d3a11ccac8490fc1f2a21358e3d04540616e3fde
dr-w20-refusal-backoff-after-census__crit2.txt	152	121d61a5b510e5d2e6cde7470a48f6832cc1a92efc78476cd94b7ee1c9b22904
dr-w21-bl-build-gate-fail-open-is-silent__crit0.txt	191	5447ff0d853a1cf5743090ec15c486c58c74f5b5f1869ff40ad30d3a4e9bfaa2
dr-w21-bl-build-gate-fail-open-is-silent__crit1.txt	232	e4b201ae6377e09bfdcf1cbf58b88e3c1936d0dc3fa885485e557607ab52a6e6
dr-w21-bl-build-gate-fail-open-is-silent__crit2.txt	164	1bd86177f1ae30912913c176ed92e0884d9f9911ac89d68669820e44f3875fd7
dr-w21-bl-charter-prs-strand-d302-d336__crit0.txt	176	9998e5e3affba34ff6fcc110e9608d46000bb544965d5629e5dde335d1f44ba5
dr-w21-bl-charter-prs-strand-d302-d336__crit1.txt	199	b2afc082905ef3a21d51d5e62e9a41ac2119dc710ca732bbd2691557b1a60dd9
dr-w21-bl-charter-prs-strand-d302-d336__crit2.txt	146	fde074254872ab4a43a0f1e43449cadeea8b62f3dda074e62fed0a57d86cf5ea
dr-w21-bl-commit-distance-budget-breaks-above-60-boxes__crit0.txt	143	7bb3a03c833438deaea0a79875a6b832e152eb2aaf2c80e25ef0001fff22aca5
dr-w21-bl-commit-distance-budget-breaks-above-60-boxes__crit1.txt	168	e23d7524527267409f2724572ff5701e02636f07919da32c0df14b60d5c73968
dr-w21-bl-commit-distance-budget-breaks-above-60-boxes__crit2.txt	189	c362d22de9f3792a33b9b5cb5ef8e194ac0f709448d75742815cd23bbb92f7c3
dr-w21-bl-instance-smoke-cannot-fail-on-an-empty-catalog__crit0.txt	231	6b0053dd71ffaeb5487f0ee812f8111a8ef959b6329ba81700396e52c65d1285
dr-w21-bl-instance-smoke-cannot-fail-on-an-empty-catalog__crit1.txt	179	247a0654f137080e1fef44a858d7e98e587d22b51f1d7a4aa59e567d36fa04d3
dr-w21-bl-instance-smoke-cannot-fail-on-an-empty-catalog__crit2.txt	158	3a5316345d7acc126a96ac55253f1b006a77e1f4f2f0f6f4de78c0883d22b55e
dr-w21-bl-instance-smoke-cannot-fail-on-an-empty-catalog__crit3.txt	160	3167e3f195911a235e0ceca016393a9bb0411483a4a24917bde9cbb5dfdbf9f8
dr-w21-bl-instance-smoke-cannot-fail-on-an-empty-catalog__crit4.txt	227	37a02c4659564a798f4a88781ad9a1383631589fd3d221c00305360bced76117
dr-w21-bl-instance-smoke-cannot-fail-on-an-empty-catalog__crit5.txt	46	94d3e1407333deb7d24f5303fa82b58f1103ed5f91c79284e14918d8f89b151a
dr-w21-bl-merge-to-serving-lag-has-no-recorder__crit0.txt	249	dd0a891cc878dc4d871f9c770de6f2dc76a52444df56b02552841de4e4cabded
dr-w21-bl-merge-to-serving-lag-has-no-recorder__crit1.txt	195	e47a40242f80031013ca8da93c3a89dd274215ca1e0fa848a443ecb8ce794ceb
dr-w21-bl-merge-to-serving-lag-has-no-recorder__crit2.txt	247	7243422bbb79b0e3352937b754972f4614d5a8e50ee94de6f02885ddb17d5600
dr-w21-bl-merge-to-serving-lag-has-no-recorder__crit3.txt	120	7547a61db3a4502fab5f99d2fea48a6eec9a5a538da7cbe8b984fed29025f4da
dr-w21-bl-merge-to-serving-lag-has-no-recorder__crit4.txt	46	94d3e1407333deb7d24f5303fa82b58f1103ed5f91c79284e14918d8f89b151a
dr-w21-bl-raw-capture-order-still-leaks-on-five-boundaries__crit0.txt	159	9a834b1625a9fb75181d1a6aa02b4e692034924066234204de45e499c959805e
dr-w21-bl-raw-capture-order-still-leaks-on-five-boundaries__crit1.txt	233	08bb684bdbf62732cfb57f21ba9c109d70e6bbb19921d5992a1d87b68a1b8582
dr-w21-bl-raw-capture-order-still-leaks-on-five-boundaries__crit2.txt	271	d0e8802b13127b100a3b6a4f60a6db770a1d6d2e10a9e55bb3874b6cc5c91c80
dr-w21-bl-raw-capture-order-still-leaks-on-five-boundaries__crit3.txt	212	87926208f561e75a61abaaa5201835d4abe78c0b2d5754aecbe2e855975f0380
dr-w21-bl-raw-capture-order-still-leaks-on-five-boundaries__crit4.txt	201	fd32337c312dd5c19896c8db507e8d1ac6f5b21b873904a13c740b1bdfc9d05c
dr-w21-bl-raw-capture-order-still-leaks-on-five-boundaries__crit5.txt	46	94d3e1407333deb7d24f5303fa82b58f1103ed5f91c79284e14918d8f89b151a
dr-w21-bl-route-decision-reaches-no-plane__crit0.txt	199	16848fe5778b231edb1d81e1325e34dd96a3ef238b5642c88ea1aeb6fc6805e4
dr-w21-bl-route-decision-reaches-no-plane__crit1.txt	228	e60c60049ab6c6e89c3b1d25fc9f59eb694bb9c93167745e7c51f24c85b04d24
dr-w21-bl-route-decision-reaches-no-plane__crit2.txt	239	aabb6d51bbe2a2173cab93cffef369f84788f646df6153b8b1a749a08df56d35
dr-w21-bl-route-decision-reaches-no-plane__crit3.txt	142	ba9cda32854d17ea7ce5cb8abbf4b17317b7a9b43727c91a09a5a765ae28d366
dr-w21-bl-route-decision-reaches-no-plane__crit4.txt	46	94d3e1407333deb7d24f5303fa82b58f1103ed5f91c79284e14918d8f89b151a
dr-w21-hg-demand-cut-packet-regime-remediated__crit0.txt	261	cf0b5dedd2e2360d20d47e6799162c68afbf1c2372faddbebc1fde87e4641789
dr-w21-hg-demand-cut-packet-regime-remediated__crit1.txt	181	f0f4600444d47d65ebc7468e02b768e3c7ef72561414da979ce13ac82e85b8e9
dr-w21-hg-demand-cut-packet-regime-remediated__crit2.txt	173	632257f7d3682496a47cfff88fc07bdc0d5ccf9747c523064750c0b16fb47f76
dr-w21-hg-demand-cut-packet-regime-remediated__crit3.txt	180	7263e785dcd4cccc8ca03033899b21ea6f6226d71d40000e1202785fe368a482
dr-w21-hg-demand-cut-packet-regime-remediated__crit4.txt	182	09c238edce7571d0f5facceee715eb5e2fbad71a9e8d3830a253c29a74fa53be
dr-w21-s4-commit-distance-reaches-humans__crit0.txt	250	05f148111df72cdd3729aa0d365248d3184faaf5f82f350542f7248e9f70951f
dr-w21-s4-commit-distance-reaches-humans__crit1.txt	215	07b99c7bf1bee56dca0615cf974a44e324eeb29b52f0c6f520ba14a91cf27fb5
dr-w21-s4-commit-distance-reaches-humans__crit2.txt	253	2fced6baa5eebd4747cbad22275cbb729462515dc435bf3b1c819d4e152ab023
dr-w21-s4-commit-distance-reaches-humans__crit3.txt	248	62b9f67d1fb7d87f9bf8f995f0db68e6d3725f616c268739cd2e38779433e2cf
dr-w21-s4-commit-distance-reaches-humans__crit4.txt	162	e64b9c05b5c464270b6aad2983fcadf8d32e5789ea65582258331a61865002d5
dr-w21-s4-commit-distance-reaches-humans__crit5.txt	266	b7ef2688334a91777f3a6dbebfc7d384c502b72d0b799371d20b2ba707ec90fd
dr-w21-s4-commit-distance-reaches-humans__crit6.txt	204	c469f6dab49f1af9b0b90a8ae76fa7fa1c18b0729f4d82dd68c07ad447113b4f
dr-w21-s4-commit-distance-reaches-humans__crit7.txt	46	94d3e1407333deb7d24f5303fa82b58f1103ed5f91c79284e14918d8f89b151a
dr-w22-bl-agent-events-reader-caps-at-three-hours__crit0.txt	94	4fa9f09b38c6ad445135f01aca2e0548b33094adcc1c5476b9d74f4092d9b3b3
dr-w22-bl-agent-events-reader-caps-at-three-hours__crit1.txt	86	8abf500077f0ae86da34d531e536e4a8e7e1918a88a04c5756916a3ec5ef85e2
dr-w22-bl-agent-events-reader-caps-at-three-hours__crit2.txt	107	951e0d80391f61f4383ea47446fe8bc7c303cfb8b182484640e27f7a7caea988
dr-w22-bl-agent-events-reader-caps-at-three-hours__crit3.txt	90	2e9ad6e4826963a28fd00b1ea9bc58f900c38a3e99cb21ba7c3c51c99b5b7885
dr-w22-bl-build-concurrency-lever-experiment-packet__crit0.txt	109	246ba12a2d414d8f9cfcfe280b47df9120e86baff5dfc7b0c66ee09feba7464a
dr-w22-bl-build-concurrency-lever-experiment-packet__crit1.txt	84	9c87cb26dd8d31fcd97a1c55e20038194b5ef73a7c35a281061d383afa6fd820
dr-w22-bl-build-concurrency-lever-experiment-packet__crit2.txt	102	10bd92e7a3d0f411602fbe2e552f9f1bcacdd14ad98a630bf5f904f1ca6d7c9b
dr-w22-bl-build-concurrency-lever-experiment-packet__crit3.txt	103	0269dfb7fd3cd0256d53ee22d1f855113dfc64081906237f24b465c8560308b9
dr-w22-bl-door-census-unknown-branch-unproven__crit0.txt	122	3b24dd3e7887412cba97034679f453f8f69ac5ea0cd40c2cd4e8323478260e31
dr-w22-bl-door-census-unknown-branch-unproven__crit1.txt	97	304ff9644bbba032d0790b3e4c3716bf03ed641ecf9623d27d2d6f5dedb23bf4
dr-w22-bl-door-census-unknown-branch-unproven__crit2.txt	110	b3a307ad9083bb876f5aac88957ee24fdfba93f1305f71880b35238633d53e18
dr-w22-bl-internal-cli-trips-zero-required-gates__crit0.txt	98	7ee7584faa1567c74c607fef9d9a3e05c0f7bc27a99537eced201127493945c3
dr-w22-bl-internal-cli-trips-zero-required-gates__crit1.txt	94	efe4382f5eef7ae2d80c21a4f1c881fc0d0942a5c6454dfa913f86cd1ff4ceee
dr-w22-bl-internal-cli-trips-zero-required-gates__crit2.txt	69	064c4bb678bd8b2236070a6b93b9590494411e8b5ccb466c197d726dc48fc2b8
dr-w22-bl-internal-cli-trips-zero-required-gates__crit3.txt	91	9e10497fe0290a3774c2fc209f6d59991cc714c9adc170841fe8cf117db2a4ee
dr-w22-bl-osc-adjacency-leaks-under-both-orders__crit0.txt	65	4cfd0412e96cd5a69a09478f291babef933c070d438f8fa1dd7214ad35f91e94
dr-w22-bl-osc-adjacency-leaks-under-both-orders__crit1.txt	78	dadcefab2e6fd3f00d178f123edfb8caec0d2b8b650b67dfbe15e435113d09f7
dr-w22-bl-osc-adjacency-leaks-under-both-orders__crit2.txt	87	6d4a37e6865083996a1532e3f59fcaed8ed08f3a57abcdf95901344e4fa31f2a
dr-w22-bl-osc-adjacency-leaks-under-both-orders__crit3.txt	83	0acf7150b93002cbad8c65400bfb2d91ba6b8a8f2c8451a4c37391082c7eaf24
dr-w22-bl-publish-clock-has-no-go-or-console-reader__crit0.txt	93	4ca30c3b3ad7dd628169619b264aa0c759e175865b0b951594074f0a61813d8e
dr-w22-bl-publish-clock-has-no-go-or-console-reader__crit1.txt	130	9869834940034a29e283ed1e402f78f7d116c31befd44dfe7f76dea477a9a03e
dr-w22-bl-publish-clock-has-no-go-or-console-reader__crit2.txt	98	e38b02248833cdf706196ab6222e53ad680f232f9a25d910b9699ec061d7335b
dr-w22-bl-publish-clock-has-no-go-or-console-reader__crit3.txt	73	dd94ce8642d74d8da5b12c3bb2dc674ff7eae4c00c180fb823cc8069c44b3542
dr-w22-bl-scrub-order-tripwire__crit0.txt	149	d972f9482cd341b357763c968103c6fa08438341cf61c03d4f63dc68b5a69ea0
dr-w22-bl-scrub-order-tripwire__crit1.txt	128	fc946a46179d884f67a951b35939ed8d1ce1c09bd9fd8674739b2508398e3540
dr-w22-bl-scrub-order-tripwire__crit2.txt	132	12595e7499f7d6a4ccd6d298ed1ba50672fe9ba18546b74888f7ba7400f9750d
dr-w22-bl-terminal-record-orphan-logs-and-untested-prune__crit0.txt	124	ae48925816c8a23816fd81483dee2c106c71ca05f412d950143957161db24879
dr-w22-bl-terminal-record-orphan-logs-and-untested-prune__crit1.txt	123	257400e6bdcadca33f03948e268f1c0df1d9d64df90dd5b023b3d9da0403a680
dr-w22-bl-terminal-record-orphan-logs-and-untested-prune__crit2.txt	97	e5234a141c03dbe3a1215e8c352fbdfacbeffdc40be4771a00de2965a00f7d17
dr-w22-bl-terminal-record-orphan-logs-and-untested-prune__crit3.txt	93	6cad8dba67c5bcd536641a720f97352c198bfeb8f442c2d9c9476360450a07be
dr-w22-bl-w21-s6-claim-note-overstates-and-s5-unformatted__crit0.txt	134	e17a062be14d85a6e50a5866fe31a1552134408ef122db5e9e396986bff3eb05
dr-w22-bl-w21-s6-claim-note-overstates-and-s5-unformatted__crit1.txt	68	e61ddd546bf28395258ab90d0fda6e7024313946d664d7de93c3f589996e9ef1
dr-w22-bl-w21-s6-claim-note-overstates-and-s5-unformatted__crit2.txt	90	1f87a814ac77dbef070a9b1f810461bba30863ed394d4e12d80be00d194effe2
dr-w22-bl-w21-s6-claim-note-overstates-and-s5-unformatted__crit3.txt	81	248358393e0572088473d6be0b9e18b76870737ba2767ea2db378aa686530d9b
dr-w22-s2-followup-census-staleness-systemd__crit0.txt	172	91cdcfdc5df7dece5f69ed2715fc4038993677fb382d0aab26c3458e62e36d46
dr-w22-s2-followup-census-staleness-systemd__crit1.txt	173	8242b805978f32f893a2c79a42a921009205ee96c2c86bb873cbec13c67ba1a7
dr-w22-s2-followup-serving-write-on-read__crit0.txt	169	0c8710ad6bca2f3c97a0588234636974fb54be0fb5f4aab027997612c274af62
dr-w22-s2-followup-serving-write-on-read__crit1.txt	168	4822f06283c8a823a9d25c819ad2e02f7efbe24bce188e1fab507a62839162b9
dr-w22-s5-census-door-denominator-and-coalesce-reader__crit0.txt	135	7d82fee53aeb62762868c061b18c937d27377bc5b044dc92cd865502105dc383
dr-w22-s5-census-door-denominator-and-coalesce-reader__crit1.txt	253	668431fa9fc0d68ef93d3cf47467b75c6fd467f7ed1e280516cf93f7ff52ed94
dr-w22-s5-census-door-denominator-and-coalesce-reader__crit2.txt	222	a98844b2c996cc5eadbb66a75395e125b1ce5694373e87cba95d00a735babf7c
dr-w22-s5-census-door-denominator-and-coalesce-reader__crit3.txt	280	8cb31bc1f8346908ca10b18e356fa42b3f96acb5172f1bf1b867ec63e0e536c6
dr-w22-s5-census-door-denominator-and-coalesce-reader__crit4.txt	169	e4bd0050dd6842e5ed8543f347991585198a97c9ffdda9c05e0a26b5047f962e
dr-w22-s5-census-door-denominator-and-coalesce-reader__crit5.txt	230	a239d719a708fd6cd842a20213ad1c7f13668a3cefe2d81ceab39921faa75aca
dr-w22-s5-census-door-denominator-and-coalesce-reader__crit6.txt	174	9fef5d229da81c12f40da7162afaec3d7fd01ab100f3afeef532b6dfc108558c
dr-w22-s5-census-door-denominator-and-coalesce-reader__crit7.txt	223	29a47197273282f2b346b49a342da1775cddaa0a3a4105053f48d0c203d6b718
dr-w22-s6-three-leg-lag-gauge__crit0.txt	135	327f8ddbdeddb8aaf714da1d487ad306668b88f024094facc314983866a82452
dr-w22-s6-three-leg-lag-gauge__crit1.txt	252	a61fe8f88a97aaaf3a30dfc18bce21bc9b2a0324e47847417d684189555129d2
dr-w22-s6-three-leg-lag-gauge__crit2.txt	246	6a9fc80257e989878e810cf3aac9795dd8541cb58b7084e9d09a0cb644049350
dr-w22-s6-three-leg-lag-gauge__crit3.txt	269	289799460a3f8bb2ca44e39ca731d198a13cb723bb5a74b31a8cfd99984da492
dr-w22-s6-three-leg-lag-gauge__crit4.txt	244	49ecb9e867f229c96f752c8aa7c67041cac389c4ea3d7af22334043ff4344fa5
dr-w22-s6-three-leg-lag-gauge__crit5.txt	260	f5cadf422568edb0b50bdb67744745cf66e29ff0b537939fb7f5fd407a12869e
dr-w22-s6-three-leg-lag-gauge__crit6.txt	247	f5a8d5897a265f2c2ab9b34ced037251dca8af1998b09494fb4b55ccb3468837
dr-w22-s6-three-leg-lag-gauge__crit7.txt	272	268a9435fa246aba5e14a24b93cea6bf6478ddf58a51d095f123fb8c5545db02
dr-w22-s6-three-leg-lag-gauge__crit8.txt	154	11524d19b24eeeb5d8acf8ffaf273ae735b84292b9a0de816067de5e641460ca
dr-w22-s7-platform-node-on-the-fleet-envelope__crit0.txt	148	94a86356fd1eea430b4f108a23c50937047bb3899a4a0a933a6e046f7d79d7e7
dr-w22-s7-platform-node-on-the-fleet-envelope__crit1.txt	279	92cf5cdf0f24134a131c887cfbea9ad5c916f5aa5a58ad275b08c82c75c4a9ff
dr-w22-s7-platform-node-on-the-fleet-envelope__crit2.txt	304	cd6da890418332688e4a1b871dbd6e09dc3d0f3054bb59ef551a9ed46f0f6424
dr-w22-s7-platform-node-on-the-fleet-envelope__crit3.txt	250	285dc44be5cc34369aa0fba76d4d0baa7933411463a66e3e4abde620aec1a93a
dr-w22-s7-platform-node-on-the-fleet-envelope__crit4.txt	186	9c36f976ae4b91c7c3eaed220b6a3739ef78b9f069e69ea2d497bac1168948cd
dr-w22-s7-platform-node-on-the-fleet-envelope__crit5.txt	285	5cd0f397305ffee04f5876bf99a27923b3d879b2eda83688434c8444e7c9d58b
dr-w22-s7-platform-node-on-the-fleet-envelope__crit6.txt	230	ecf2df57fd8525399733313295b806ae38956b78ad2573b2009653cb9a5a1bac
dr-w22-s7-platform-node-on-the-fleet-envelope__crit7.txt	166	2dbad8a40016ce97853b89f25a3f887732f40d71d3617f9e910b113885b17c6f
dr-w22-s7-platform-node-on-the-fleet-envelope__crit8.txt	199	c15853e7087ff546146e7692412451b59dd0858e3cbe3db1f91f83ddebfedbf1
dr-w22-s7-platform-node-on-the-fleet-envelope__crit9.txt	174	d9f9aa62cf02d699a36f0213ed1cff145020d177ab4dd7373609a39515dff3c8
dr-w23-bl-collapse-to-raw-and-the-scrub-register__crit0.txt	162	a492cfd3b6c1b540677ddd66ce5dc2b4f4bd4c8e7f25ed3aab4f4ab72e20a2c5
dr-w23-bl-collapse-to-raw-and-the-scrub-register__crit1.txt	184	ec83d62c5bff8a251412beb850567faa1946ba1902f22a60393f1c093641be54
dr-w23-bl-collapse-to-raw-and-the-scrub-register__crit2.txt	135	4faff4688a142157be367bf211b820932c0d6280412e5b1cd59e1014b315c2c5
dr-w23-bl-collapse-to-raw-and-the-scrub-register__crit3.txt	122	917106dbe368a03916f7ed54341bfd815cdf0baf56e284128dd65477e6d1ad1a
dr-w23-bl-collapse-to-raw-and-the-scrub-register__crit4.txt	103	e971ea67fcf69c93d8f0f0da70702e895b34ba1382c02cb80dda7489d568357e
dr-w23-bl-decoded-but-unrendered-is-65-not-18__crit0.txt	149	dbdff3ba56426119fb19dc6fcc4c448cdcd0b976d42bf129b8dd7df82d45a646
dr-w23-bl-decoded-but-unrendered-is-65-not-18__crit1.txt	133	6a187cc2cc8d85f390e957f64ca73ce8c2528fb380fef94bc99c7fef837f2e67
dr-w23-bl-decoded-but-unrendered-is-65-not-18__crit2.txt	119	7a88fe99ff89e4c6573ae4348cb162932d930520ca440a459dfda878a9fcf014
dr-w23-bl-decoded-but-unrendered-is-65-not-18__crit3.txt	136	b687211b5dd762f2f4ecba904e4e7e9c3001c92bbb2faf79a16e12f4a3e88c78
dr-w23-bl-discard-draft-deletes-draft-only-docs__crit0.txt	296	fdc4ddf54a62b1ceb8157ea479a58ea3c28e7ca394be2d300082ce80bdbed9d9
dr-w23-bl-discard-draft-deletes-draft-only-docs__crit1.txt	241	25e9e498987115b9a395e23182b722aa7a6a00b1debbca0c81b3fe20025a0e49
dr-w23-bl-discard-draft-deletes-draft-only-docs__crit2.txt	315	23b0f7bf4873ecddf51c146462ca2ac161a722f8e20d1e8045f8839b9ce8907a
dr-w23-bl-discard-draft-deletes-draft-only-docs__crit3.txt	249	bf9c51a8a5d9825276e28a50196e63115166fc0d5cc144a9bb139a1b9d684fcd
dr-w23-bl-journald-still-prints-no-entries__crit0.txt	188	4b7d67303c37ac8dee20a90ccd95800447448a5ca30a297ec4871c396d3a071a
dr-w23-bl-journald-still-prints-no-entries__crit1.txt	110	54c1dd15912bc990937e766b5462ab1417cc311144bd52d9316c819b0f61666d
dr-w23-bl-journald-still-prints-no-entries__crit2.txt	136	98389b50ffc27dc79a697e70591d58e3bdcc69d3d507cae2340e6248856efff1
dr-w23-bl-live-auto-is-the-largest-door-consumer__crit0.txt	133	2288b65771765aaf409986c0bc5ddbd4352d0319a969ab446afb3715e8f8fd27
dr-w23-bl-live-auto-is-the-largest-door-consumer__crit1.txt	129	29fdd9a8c55fdc9cd0164bcb2351c2323abd85ffaeafca1f2d5187754600c2ac
dr-w23-bl-live-auto-is-the-largest-door-consumer__crit2.txt	124	17450fe6fd35a18167cca267119ce70443ed9a98939321492ee6aceb07c4fb32
dr-w23-bl-roster-500-headroom-is-94-rows__crit0.txt	160	41a1d8c5720254fb038dcb258c907e5dda9b36d788fbea5c75dbb0e7d1114f54
dr-w23-bl-roster-500-headroom-is-94-rows__crit1.txt	118	e27b947c03539a179d281a3e14dfa8e976fb49bf8a57bfdc4ca8933d23c70326
dr-w23-bl-roster-500-headroom-is-94-rows__crit2.txt	127	c0b4e847a0dedc84e698d8e3a35322864c873e25bc1ca6b9f8b94af34d2b3a80
dr-w23-bl-run-state-dir-has-no-swept-siting__crit0.txt	189	4a89f2cbf6aabb42dba7d5ecf89c7fef9eccb78720a6aee30b50ece6b92da58b
dr-w23-bl-run-state-dir-has-no-swept-siting__crit1.txt	155	95429b790fc97fdb45fdfd1bcfc8e24fa28ef301e519d94f02db55f79cbab3d1
dr-w23-bl-run-state-dir-has-no-swept-siting__crit2.txt	131	b32dc9a8cb1b2327f2d6159754eb5c49c4c9aa8dd3522e8e5742b3aed9ef534a
dr-w23-bl-seal-predicate-needs-epic-keyed-registers__crit0.txt	143	d7788197c751a59c9270677f523d3c95d0a29784f310935e708cf648f823979b
dr-w23-bl-seal-predicate-needs-epic-keyed-registers__crit1.txt	182	d6ff0f6d3055d24b11aeee4dc08d442ac896098ac6c3a0e2bcf0d3465d771261
dr-w23-bl-seal-predicate-needs-epic-keyed-registers__crit2.txt	115	8eb40c7c96a7c559f44da006f8fe70d513e59b9d812f1eac15497cb118a010ee
dr-w23-bl-seal-predicate-needs-epic-keyed-registers__crit3.txt	166	c6dabc600dfb440ccd9d0b9862426d79a4c1babf19bce00e4dc53ecd0babf181
dr-w23-s3-timeline-reaches-a-human__crit0.txt	234	42f95c4a2afbad9c73743fd6c6ed2972c4da32670f93f7227312fd822cc5016d
dr-w23-s3-timeline-reaches-a-human__crit1.txt	132	fe8fcbc65e5dc811cc0aad66de17f1e8cffe606e8a439151d589fa092463fac6
dr-w23-s3-timeline-reaches-a-human__crit2.txt	209	193bd6cfe2d53cc4028da47db44eea80ee83dc00b47f9bcddcf996ea7020cc9a
dr-w23-s3-timeline-reaches-a-human__crit3.txt	195	4129d46925aedde09858a12e1e66d6b7694e47c400e03ae6ea91780c421956d3
dr-w23-s3-timeline-reaches-a-human__crit4.txt	207	ffeb0132f815cc5ccdd84ccf744dfc46c5c393cd6a6bf67b1600a246753aa734
dr-w23-s3-timeline-reaches-a-human__crit5.txt	142	053a21f855058c1a65335312064ce750bc7b2c65389c791355b43edd4d4e9221
dr-w23-s3-timeline-reaches-a-human__crit6.txt	151	779d35bed350fd8413449480f1d89e89c0dff9a46ae66c37703de9301cb57c99
dr-w23-s3-timeline-reaches-a-human__crit7.txt	91	11ae837c50b2878643975d9fad02824694f012bd68c5ae4e73f7ec14f44b5e95
dr-w23-s4-followup-census-floor-coupling__crit0.txt	204	2198b21083c74fc867ae21d6264eb5e1b32d8a67b02d03de0cd5af1b6eb4091d
dr-w23-s4-followup-census-floor-coupling__crit1.txt	144	b6e8ebbade2fdbfbd8ed5cd54e691b33493b184841d6b3a8ebc6a0959e83aa1a
dr-w24-bl-census-names-the-door-population__crit0.txt	88	7fe9275e83aeb1e8f6c6d3b74a6dd3797577928c1d1f9e90f417b88f9768ad2d
dr-w24-bl-emit-commit-distance-on-the-fleet-row__crit0.txt	89	c6d0301351e4a85e3c60e3f99dd58191a3ead3ac721603f6fda0dd97ad0a8816
dr-w24-bl-emit-commit-distance-on-the-fleet-row__crit1.txt	107	219b6ad9867eecbf2efa75c9476029281f4be195fb19a38c47a66909e2f2cbb6
dr-w24-bl-emit-commit-distance-on-the-fleet-row__crit2.txt	113	2d81e7bfb9f2128edebe09aff4fc358bef09e2fda624a83021e0e37a417dee0e
dr-w24-bl-gyldendal-live-cross-tenant-escalation__crit0.txt	88	7fe9275e83aeb1e8f6c6d3b74a6dd3797577928c1d1f9e90f417b88f9768ad2d
dr-w24-bl-internal-write-route-is-publicly-reachable__crit0.txt	88	7fe9275e83aeb1e8f6c6d3b74a6dd3797577928c1d1f9e90f417b88f9768ad2d
dr-w24-bl-merge-gate-marker-false-positives__crit0.txt	128	62e427f59021cd5b089cf9173f8580a8690ec700fb9a248fef0fbcedad38fd7b
dr-w24-bl-merge-gate-marker-false-positives__crit1.txt	144	5678eb2bca4943614f1123f31fb825f2e12b1239238a947ab21ca496219c6b3f
dr-w24-bl-merge-gate-marker-false-positives__crit2.txt	113	8c22c1c4682ffc08a2b42b2f32da3d597b736f4c2212318b642e259a2b52a48c
dr-w24-bl-paper-blocks-corpus-backfill__crit0.txt	88	7fe9275e83aeb1e8f6c6d3b74a6dd3797577928c1d1f9e90f417b88f9768ad2d
dr-w24-bl-paper-writer-accepts-unreadable-bodies__crit0.txt	88	7fe9275e83aeb1e8f6c6d3b74a6dd3797577928c1d1f9e90f417b88f9768ad2d
dr-w24-bl-seal-predicate-needs-an-epic-fence-and-a-paged-roster__crit0.txt	88	7fe9275e83aeb1e8f6c6d3b74a6dd3797577928c1d1f9e90f417b88f9768ad2d
dr-w24-bl-sha-validator-admits-all-zeros__crit0.txt	88	7fe9275e83aeb1e8f6c6d3b74a6dd3797577928c1d1f9e90f417b88f9768ad2d
dr-w24-bl-tls-ask-allowlist-is-not-box-bound__crit0.txt	88	7fe9275e83aeb1e8f6c6d3b74a6dd3797577928c1d1f9e90f417b88f9768ad2d
dr-w24-followup-diverged-is-not-ranked__crit0.txt	76	5311d159476a331e6a899374feba5dc9589d1680d6ea19ced63d6b32ca61af6a
dr-w24-followup-diverged-is-not-ranked__crit1.txt	173	29a1f51879536ab070c33c3742af33127a3597a0673f14e1354958fe7e5287d3
dr-w24-s8-timeline-reaches-a-human__crit0.txt	162	287af34686d0b302d20813fe60073439f161ee2d62ad98e226a2df843248b0f2
dr-w24-s8-timeline-reaches-a-human__crit1.txt	193	d806c562f3ac526efaa894985c51708e35c6f305dcf7f0603b320368b1e24ac5
dr-w24-s8-timeline-reaches-a-human__crit2.txt	173	33640af3252609afa67212ce3675d9b44a33a7fa2707719a350991bf8a69e5fa
dr-w24-s8-timeline-reaches-a-human__crit3.txt	159	ba80e043d24fc03017fa1b8e7ab99a8093d6a1aa32d88e3d3837b7857038a8d3
dr-w24-s8-timeline-reaches-a-human__crit4.txt	213	410f40c161c6a9f8a58967f92dca947f3b4f775bf2acfd5e2b6d74324d281044
dr-w24-s8-timeline-reaches-a-human__crit5.txt	133	f0f3dbf88b93778d2fd742c6169abe120a7394fbdfd819f25f4f04df1a7e4b75
dr-w24-s8-timeline-reaches-a-human__crit6.txt	163	bfd9373f4a6efc91c3f9da0ba07b8e6afa145a28a1fe55296a720afd41d34eda
dr-w24-s8-timeline-reaches-a-human__crit7.txt	168	70128fed5a2e2c374732b6a99483a54945190275780a68f7b047d03f2546c2fa
dr-w24-s8-timeline-reaches-a-human__crit8.txt	224	2901a8d0ad892008aa7cd50fefb314bd99860bdd2b0ebb0833961129627a8d2e
dr-w25-bl-5xx-reader-is-jammed-by-its-own-criterion__crit0.txt	127	67e51257bb4c8a3ba9179f390c3f5489e0d8bd67c30b00f162c01bcd150e7ff4
dr-w25-bl-5xx-reader-is-jammed-by-its-own-criterion__crit1.txt	92	a57037d54eb6867986e2ca53ad4b4a3f8e8270ce8381a22cb38a9b02aabd523b
dr-w25-bl-5xx-reader-is-jammed-by-its-own-criterion__crit2.txt	128	dc922e0131c3b54e91d7d0d0671c84d0ba5f24ac6b905a6540eaeb3e52c0bb54
dr-w25-bl-console-classifybp-carries-commit-distance__crit0.txt	195	9155b63f43e19b4a12dbeb78c8f500e0edd6a35bcbc025a3869f7459d5e65614
dr-w25-bl-console-classifybp-carries-commit-distance__crit1.txt	159	9a75f89b282ab27b1e852f30e76ec13b83dd069f64603aa98fb8cc54c1ffa9f1
dr-w25-bl-console-classifybp-carries-commit-distance__crit2.txt	111	9942d7f0aa1953e94ec848478296ace89a1613897e6a67d54b7dc01ed13844fd
dr-w25-bl-console-classifybp-carries-commit-distance__crit3.txt	109	f4f87b057175f63fa8835478e374abaa1e0803e288236a784920beff2fcbb406
dr-w25-bl-cp-keeps-no-deploy-provenance__crit0.txt	181	3b81d003f47ebe8abdbaa29ad09ab662afb7d970d058c61950ddbf182b3b302f
dr-w25-bl-cp-keeps-no-deploy-provenance__crit1.txt	127	d0002f827b988e9b3759a8069a3a458495d4144727e56ef469c0461cdc088b44
dr-w25-bl-dr-w24-s6-content-refiled__crit0.txt	57	c6e3d25e38f882f2718d2106f4b89320b51c70128e3be9db535b062f1883d709
dr-w25-bl-dr-w24-s6-content-refiled__crit1.txt	126	cb608369f86ef1b6bf37aad74417df6ff50fa0b33e2f925dd5aa35f5927bde19
dr-w25-bl-dr-w24-s6-content-refiled__crit2.txt	102	0e637010f2447229fc07c94f5f8494c90ad4f134a525e4a407eb8f0d6c29294b
dr-w25-bl-gyldendal-taker-is-also-a-ghost__crit0.txt	134	4c62a499bfba91ab4d4933bdf240001341036efb2f459e95c7d35f4b10cb5cb2
dr-w25-bl-gyldendal-taker-is-also-a-ghost__crit1.txt	167	793a5c79d3b707bf24d883f876efb24ced1b4e979052cd9e18534e7e1f425d8a
dr-w25-bl-instrument-register-derived-each-wave__crit0.txt	146	323b2d149a27b5e06ad62ca57b693f4b5e62b3fad09e4330ebae505cc22c0106
dr-w25-bl-instrument-register-derived-each-wave__crit1.txt	177	ed045e5ea5464af4f4377ed3d5197dbce89e671f9b1c79fabdd6187dc25ddcd5
dr-w25-bl-instrument-register-derived-each-wave__crit2.txt	91	f3f0c40b7788b0b06c19dd08740e78622a78c6ac0aa84aca256310e6b197794c
dr-w25-bl-instrument-register-derived-each-wave__crit3.txt	78	03b8d775428f7b2ca2bfb2d0264adde6b787333162360703db9f1aa5346981e9
dr-w25-bl-per-struct-unread-register__crit0.txt	142	8430c2a2540fcdf143618fa43308a728b2b5eb07d22a6be43359b49d30039698
dr-w25-bl-per-struct-unread-register__crit1.txt	67	f62eaf9772032d885eaa125350c50d4dc14cd5e8a6ec23c429c13c8f89e80a48
dr-w25-bl-per-struct-unread-register__crit2.txt	118	07416a743ccb76df40f8d496985c5cfa6aeb05fa710057385565ccf3b8a34b73
dr-w25-bl-reader-tasks-disposed__crit0.txt	99	b0200088a781864ed722f48b4d3e28d0a26d911a59109e81d4e4cffd9b20601f
dr-w25-bl-reader-tasks-disposed__crit1.txt	87	5046d56dafd6370d35ff31b3c75c9a90f11c48c3871f0f6cbb65b8262e285e59
dr-w25-bl-reader-tasks-disposed__crit2.txt	62	da80ce2eabdf6548810b9e7bd4c8302b168f5ee04328ee93ad3344ea17d385f5
dr-w25-bl-reader-tasks-disposed__crit3.txt	113	b3e87af1bc52347803798fee9c6a63ff2b7475324f94ee84e95ff38e5760c45e
dr-w25-bl-seal-clause-a-is-one-level-deep__crit0.txt	104	95e019ce7f93600632b1c4ab51d009765a71678fb6c109c44277c370a95e43df
dr-w25-bl-seal-clause-a-is-one-level-deep__crit1.txt	199	c7a43b261a00ae62038124b3e4269906e09e4f5307706a7ccba03aac54456a80
dr-w25-bl-seal-clause-a-is-one-level-deep__crit2.txt	162	9f73db385135d152a335e8d76bd3a063583d241526492021f353f4472aad5caf
dr-w25-bl-seal-registers-are-epic-unfenced__crit0.txt	124	b2286ce480e5b79d8efa3856cc220d24d89d162f857fa380d33359b737b66010
dr-w25-bl-seal-registers-are-epic-unfenced__crit1.txt	89	1ff1f712297247ec544d4031b17756c84343e11bd9230e579f219f940e40fceb
dr-w25-bl-seal-registers-are-epic-unfenced__crit2.txt	107	6f21e572309702592cd634b0455d26de12e6fd66dbe10dc7f68bcc224cc09795
dr-w25-bl-security-gate-cannot-see-sobelow__crit0.txt	186	b57065a85f9f278404a6325cbae822c807d34aa4cd9095948c316f0c73c9e1dc
dr-w25-bl-security-gate-cannot-see-sobelow__crit1.txt	127	e37c624bba3a5c73c7c98649389be81f516b17b9af569465f9ce331030018c48
dr-w25-bl-security-gate-cannot-see-sobelow__crit2.txt	73	aac356f7d1df7c70a54fb87cbcb149589378829442e74ddc2a50ee5b9c6e7d19
dr-w25-followup-yaml-job-scope-helper__crit0.txt	150	a6408dcea720a230bcc7ad05893712326ce6251b4f8ec8466ee3eb7053690f05
dr-w25-followup-yaml-job-scope-helper__crit1.txt	126	4891fd85dd95d7eb547143dff569b1e9daad503b22dbf940d51b6b60695b5999
dr-w25-followup-yaml-job-scope-helper__crit2.txt	103	2c153b2dcc95a15476c899b3dd35c65b48a7a857d18ccc92e64675398a832386
dr-w25-hg-gyldendal-operator-stops-the-transmission__crit0.txt	176	0459a91cdc6048ae4ca399c0e216b8cb387a8a36af3fedaebb6044a585a30921
dr-w25-hg-gyldendal-operator-stops-the-transmission__crit1.txt	268	adaf84efa06ee3cf7fb7536bb3c39bff9250998354490245d935a32783226183
dr-w25-hg-gyldendal-operator-stops-the-transmission__crit2.txt	194	d4b3755b29ddfa863b9120ba19ef12fab1f09b56d36d65be0e2e2677ab8ab5df
dr-w25-hg-gyldendal-operator-stops-the-transmission__crit3.txt	158	6235b4fb32a747904541d1c3ec499f46bf8d0db6a66d9326396c82505a614a9c
dr-w25-hg-gyldendal-operator-stops-the-transmission__crit4.txt	154	1ce842267e3e0f5611da3454b0e7b7a2205bed52110e7b85dc401f16157c0092
dr-w25-s2-followup-queue-split-render__crit0.txt	193	38bed615b2bb4b54789a48f373fa836aba6574a8c53f1152e679571b2f60c084
dr-w25-s2-followup-queue-split-render__crit1.txt	125	80111603ee2d7678d0488359ca6345a6e0a752e84e354b45f253cd090488ccf0
dr-w25-s2-followup-queue-split-render__crit2.txt	113	428450edf4e019a7a297c4ab5faf1c03c4c0cee92251c87923fec3192b929713
dr-w25-s7-census-scores-a-caller-less-producer__crit0.txt	250	bfd0a9b4af468ed83961150e919f59ca8e772648de87af37984cd903963e75b4
dr-w25-s7-census-scores-a-caller-less-producer__crit1.txt	352	4415caa53064414038a2c6a6d7e407fa1329bc6f505473857997ff82bbec3117
dr-w25-s7-census-scores-a-caller-less-producer__crit2.txt	279	6a880a3d547995d41ccf40e57e2a8e7bd8c1fd29c4e5debbe79e5fd6fd7c2d5b
dr-w25-s7-census-scores-a-caller-less-producer__crit3.txt	197	f7d4d2bf67a277aafe7fbb3d3733a53ed8dbfc3f67b7d795601337f43f02cf57
dr-w25-s7-census-scores-a-caller-less-producer__crit4.txt	263	e7fb5ae0e06186fd35f8ab7f4320706a916d0846e8c4123f2f68ba4902231d6d
dr-w25-s7-census-scores-a-caller-less-producer__crit5.txt	243	eccd40ec8c755e3d6fd80b01d73039ae51847a5541498eba92b1e914d515f598
dr-w25-s7-census-scores-a-caller-less-producer__crit6.txt	272	f023d468f4d82eb7a553cac602a1b7d938b33f4f671b49879ea32ede7b87e193
dr-w25-s7-census-scores-a-caller-less-producer__crit7.txt	270	ca049fa40bd2b1615a7b3d2af45393a54058db54ef109901ef53b797d9b1193b
dr-w25-s7-census-scores-a-caller-less-producer__crit8.txt	162	7facda544894b0d4cd104d472c0df3d591b14c0c78cb630403a8368e0db83981
dr-w25-s7-census-scores-a-caller-less-producer__crit9.txt	252	492001b89e9b5a81cbc815fd813c516f13960898416ad544e6f6dfc3f5e8800c
dr-w25-s7-census-scores-a-caller-less-producer__crit10.txt	124	ac8cde735706b2c79a903ef7ad1773f2ee17f45e655d248963631aeede7720aa
dr-w25-s7-census-scores-a-caller-less-producer__crit11.txt	171	ada9c17e19d6c778f97d02062f9510627cf0f39580859aa7d722bda2b0d7d81c
dr-w26-bl-claim-leg-refusal-reaches-no-human__crit0.txt	140	ae34659fa64126a69e817d178717db5a6314875a09d9a0c52c80f143013bab55
dr-w26-bl-claim-leg-refusal-reaches-no-human__crit1.txt	88	6ddcd2fa9c91fb1d488fc832cc617f966f2ae5d7f2a9b23c42a6be0e7d2492df
dr-w26-bl-claim-leg-refusal-reaches-no-human__crit2.txt	89	a0fec0970bf968279627c1e01726811291db0ca7b16b44db5397ece8fa989588
dr-w26-bl-conflicted-pr-keeps-asserting__crit0.txt	154	d5f7b896cacb66e88176551cb642602d11b007451ee6de32727ec6231a9e2ab5
dr-w26-bl-conflicted-pr-keeps-asserting__crit1.txt	94	95d0b6e1819b9954a35c71a14c5851e6585e98d863cba07714a3fa43433dab6b
dr-w26-bl-conflicted-pr-keeps-asserting__crit2.txt	91	82ca02fd98aae25751fd6ee50f6b0f2cf03f61295c804c0e9efcbe107568c2d5
dr-w26-bl-conflicted-pr-keeps-asserting__crit3.txt	112	e3e1fcb858d47d35fda1acfa4eb3aea89dde731dc0ed8b533567e53e93b3412e
dr-w26-bl-cp-deploy-eats-a-scheduled-sampler-tick__crit0.txt	147	7850cb4e6c89069b44ebb6367eb94bc39f5cf5b49ddce8eaa71d89f59d9638e5
dr-w26-bl-cp-deploy-eats-a-scheduled-sampler-tick__crit1.txt	107	44c03e22b423ef38784734e1f96817e7ddfa3c7a47cc2633186d890e7d49387a
dr-w26-bl-cp-deploy-eats-a-scheduled-sampler-tick__crit2.txt	119	8dd31ba6f28404d6b98dab8b2f6e0fd350025c1a87b88bcf19894db47a3335f5
dr-w26-bl-cp-reflog-provenance-expires-in-september__crit0.txt	161	f50859ea6800912da3ba7714e458bf271d427d67c9939d53e736be7e1d97e601
dr-w26-bl-cp-reflog-provenance-expires-in-september__crit1.txt	92	6554b3c88d424f42a9be41fa7e7f0196298dbf086a063c3c116170cac0226293
dr-w26-bl-cp-reflog-provenance-expires-in-september__crit2.txt	116	10de9a61abe4649774fc0c3638dd054808b3711f732c7e99877137181b266da4
dr-w26-bl-d375-frozen-numerator-corrected__crit0.txt	167	92683271242b907624d04f3cd2e022fb08a32d2cbb63d90accc968f17509a026
dr-w26-bl-d375-frozen-numerator-corrected__crit1.txt	112	ec03d1863d8ee9f92b0ecb42c3de5c42d0402303c481e6bf9f4dc27078088b89
dr-w26-bl-d375-frozen-numerator-corrected__crit2.txt	139	fc961ac657e2bbc7120826a1c15991f7736e0416e10eaf0cd944e2d11992fc58
dr-w26-bl-deliveries-reader-two-keys-behind-11008__crit0.txt	147	4bd51b791b950aaac5cfea6cd204617c1498d5fa6d0589234e0606428c9c392f
dr-w26-bl-deliveries-reader-two-keys-behind-11008__crit1.txt	187	0614f04a83bf7512c214749467e30f1606cf3767a9e67618034754e9083c9735
dr-w26-bl-deliveries-reader-two-keys-behind-11008__crit2.txt	114	76152329ca01e6239f4262dea4126293417c1e69d11dc31c1b82c0b1fa7d62e9
dr-w26-bl-deliveries-reader-two-keys-behind-11008__crit3.txt	93	c814875564e2fc5c3233e4ac5cf90d01de8d57424d42a46cd1a0e4423151cad5
dr-w26-bl-deliveries-reader-two-keys-behind-11008__crit4.txt	100	8f8531d595e73f0f4f1b757166d79b190e7adb77fdfb802b164a25f3ea5a49b6
dr-w26-bl-fleet-digest-audience-still-empty-escalated__crit0.txt	111	7a204d81905f1be93d0a7b7650c714f55b613ccfd139de8c15233ad462441294
dr-w26-bl-fleet-digest-audience-still-empty-escalated__crit1.txt	128	2a3dfdec756a60894d00fedda5b9f614570c6e752c1dc34fd69f44ce2c28a1f0
dr-w26-bl-fleet-digest-audience-still-empty-escalated__crit2.txt	133	d0989c1598555cfa3409f74c199d3125a6d03ce7ee3b867c088aad99d321b0f6
dr-w26-bl-fleet-digest-audience-still-empty-escalated__crit3.txt	155	36c63a2faf90dabc9315eb549bd6777f842f133d7050e9d14540a9617a2e4de2
dr-w26-bl-platform-delivery-tojson-has-no-emitted-key-census__crit0.txt	89	3a8ad8000edab57b3b35185d2e93e2017557306938ce653fa33fd789fa0eae77
dr-w26-bl-platform-delivery-tojson-has-no-emitted-key-census__crit1.txt	125	ba84db266c53ff46c8f52dd153f5739c03a19148e1341d3f7066ae1fd375140f
dr-w26-bl-platform-delivery-tojson-has-no-emitted-key-census__crit2.txt	58	3f36a292b16b0293d885ff42a0c22b1d12287d26c91e8956bf3786e69809dafb
dr-w26-bl-postfix-recreate-destroys-delivery-proof__crit0.txt	148	8f7a75e90f69cb3fbaffa0f660fba03e47958a310c6e60b83edd2797f40e050d
dr-w26-bl-postfix-recreate-destroys-delivery-proof__crit1.txt	139	4ec0e3dad36bf0554c4a3414026760ad9143971eeff5dcaff42bde25ec3b9ea4
dr-w26-bl-postfix-recreate-destroys-delivery-proof__crit2.txt	114	e6c2214e587168c7e27a48733cb70c1bc379908c299b0e88f49f3d49faf5ba81
dr-w26-bl-seal-clause-a-depth-and-ladder-label__crit0.txt	186	4373f0142b61d40def6a60e4a64e0f1907acf0d3d8f4378b6734045aaaf60306
dr-w26-bl-seal-clause-a-depth-and-ladder-label__crit1.txt	153	7a1f8c453871ada3d1f18c4a7b83241e7c6019683edfd5775405d28d0ef9b671
dr-w26-bl-seal-clause-a-depth-and-ladder-label__crit2.txt	172	2e8e06cfb942c795cb65a7e0a68e79be633649879e231272f12f01ee101b97b4
dr-w26-bl-seal-clause-a-depth-and-ladder-label__crit3.txt	125	06867536bee88fc054b8bf463b7c70080f8c5e9bce32cf57bdc78b707183e032
dr-w26-bl-seal-clause-a-depth-and-ladder-label__crit4.txt	156	8a6c8304d5199aa24639840b88a62e6546d65c3db3bcd586788219fb18d96da5
dr-w26-followup-queued-seconds-disposition__crit0.txt	131	18c31bf6acc6f0db8b95b687b9da38b2a0c3431f6616d560031c2de57353d6ac
dr-w26-followup-queued-seconds-disposition__crit1.txt	144	3c478b7e555bee67748dba90b2f3099e4c8935b8f6d1dd494fde4bd69c0b95ba
dr-w26-followup-queued-seconds-disposition__crit2.txt	140	16eaab12dad376e221f9627959b8c57b917690f939a9e39b7b1085e677444e7f
dr-w26-followup-reader-corpus-dispatch__crit0.txt	151	4b7d2ec4f0592cf1046b4f7b084d5cca38d15a2da869e97e5c42173832220073
dr-w26-followup-reader-corpus-dispatch__crit1.txt	164	fd11e26bb35c7ad18acd5dd8363220f9126ae330859a730dcd68942671fab626
dr-w26-followup-reader-corpus-dispatch__crit2.txt	130	a77ddc9fd5e1200a67545ccc1224e801dea4ec335df70adc88307dfa5926ebe8
dr-w26-s3-bl-fixture-synthetic-field-is-unasserted__crit0.txt	159	a4e895f3a2d768e313004d3a85271f4cb2e30465c2ce3578ec70950264fe999a
dr-w26-s3-bl-fixture-synthetic-field-is-unasserted__crit1.txt	94	c3a929564a171e8584aae517cad68bf33a6e658288fc41346a92fb89662fbeda
dr-w26-s4-followup-widen-escape-harness__crit0.txt	177	c386594be1a4795cfc55d29cd78f84501b948ee192aef2c5567e27fb375c6784
dr-w26-s4-followup-widen-escape-harness__crit1.txt	171	4cdbf1acb34a776f48cfe5ecdb2bc5bfc20cc0e2f2e75c698d7cdbef31237471
dr-w26-s4-followup-widen-escape-harness__crit2.txt	152	fd3a4a49108adc8a31c8a823152008aa48ea36fbb884743dd46b83ddf55ded9a
dr-w26-s8-followup-census-the-leg-input-select__crit0.txt	116	142479227903cb195372fb262a4d550f805125f057568633ce0e543f96feb445
dr-w26-s8-followup-census-the-leg-input-select__crit1.txt	109	112cac6888916a414d0bc7c8ae702d2df6578742605c3fee885984c768f73cac
dr-w27-arm-b-serving-build-durable-repair__crit0.txt	272	878ea12542d86a6440a6243c021243c443026e26958c782b18464ecad7056d3d
dr-w27-arm-b-serving-build-durable-repair__crit1.txt	179	6c15c0bfc2907c3be303f890389dad00ab694928c66d6fc63b670ab0b6cdda90
dr-w27-arm-b-serving-build-durable-repair__crit2.txt	148	52d0f4e5c365a89df9b1f127f82e13065cff3e14105b306bdfe2b116cef18f81
dr-w27-bl-d375-freeze-date-is-false-on-main__crit0.txt	86	3ecfafb96372fed67b3aca5a7a00b5cd20e75cd2ee1e0ebed131e96f1cb69963
dr-w27-bl-d375-freeze-date-is-false-on-main__crit1.txt	152	c5d3d2f8dad90205e4618e10f199b8fb6caa469244847e4ddb486a38ac434eba
dr-w27-bl-d375-freeze-date-is-false-on-main__crit2.txt	117	94ba45f89e3452050f069494d48c72ebf4030b99b5d28d2055554309fd415a10
dr-w27-bl-d457-rederivation-reads-a-column-that-does-not-exist__crit0.txt	159	6eca8d7f368e1a1ea58c8debc255424c4ebe35aeebfb6af3b07b4d0f8490f1ee
dr-w27-bl-d457-rederivation-reads-a-column-that-does-not-exist__crit1.txt	110	cc42b7208cdb318e387d9db80dbe009f0562f5d40ef2e33b7ef5f81046751e3e
dr-w27-bl-d457-rederivation-reads-a-column-that-does-not-exist__crit2.txt	189	847943e806e4765c6435f8dd2da55d3156b7d4f3d54cd3fc9e7f663ba6546f16
dr-w27-bl-decoded-but-never-rendered-sha__crit0.txt	206	b1cc7acbeea68e965fa6e75340df3b744d1ca52527ed16071da3f96bc4029321
dr-w27-bl-decoded-but-never-rendered-sha__crit1.txt	111	569320c76659a6d734ed4fff552a1ccb764f21b90a470346b4317c99024dec3f
dr-w27-bl-decoded-but-never-rendered-sha__crit2.txt	95	645c44ecb4c2041a38c63d7765add2c226ea039656c5587fe246a1a90d7f5f20
dr-w27-bl-deferral-cause-is-null-on-59-percent__crit0.txt	114	7fe3f0d21a35cb7563063ce81841ddfbfbb31a58c398bbe21db65ed4692182bd
dr-w27-bl-deferral-cause-is-null-on-59-percent__crit1.txt	151	bbef0da7eeaa8d95a83a562331a49e527bfd33f8286246284e0a0a8d59dc7632
dr-w27-bl-deferral-cause-is-null-on-59-percent__crit2.txt	135	ada6d931f640dd273903483b89d4c08477078c5ed8f7b38eecc097ac2655799e
dr-w27-bl-digest-loss-log-has-no-durable-sink__crit0.txt	174	981ee989481ec6e010f104b71d0ff724b49e5e13c37538a54a4a16f2c8ba4616
dr-w27-bl-digest-loss-log-has-no-durable-sink__crit1.txt	164	7bd9ae3026a26d1ee887a6cb2197dbdda6e1d3f35fb989081fc4c83c4fcce907
dr-w27-bl-digest-loss-log-has-no-durable-sink__crit2.txt	105	d85a13a6e66b6adfaa95f1a1ade6ca087a624693da96b268e29c5737342554ec
dr-w27-bl-fleet-rollout-state-has-no-human-reader__crit0.txt	133	278653a349bd51b36275132ec479989671d4f8f5d99dbb83a7b7f57bedb38e9c
dr-w27-bl-fleet-rollout-state-has-no-human-reader__crit1.txt	156	349c53ec64f179047c946783d726feef3cf81c24e2ea61814c59167f5d73244c
dr-w27-bl-fleet-rollout-state-has-no-human-reader__crit2.txt	131	7135df7385486951c394f844c9b497fe1ac36ce25749a6066692550954f8cb5d
dr-w27-bl-gyldendal-packet-409s-on-the-dedup-wall__crit0.txt	172	16c595cd572f30ca33addad010e165a005e70a66fdbc4e483ac726e79d61e482
dr-w27-bl-gyldendal-packet-409s-on-the-dedup-wall__crit1.txt	126	feeeb5af1bea32e362e01dc6a0c1ce9fd9934cddd02f115e154a7550190c15ec
dr-w27-bl-gyldendal-packet-409s-on-the-dedup-wall__crit2.txt	151	501a8672f272b699dc95563a9b40b0c42af4b3e98e2b663fa0e819451fb40e82
dr-w27-bl-register-floor-lags-the-register__crit0.txt	141	17a3db5b9a7a8672645b6fc0eacbcfe796dbae35f333b28c223d9e596b57fecd
dr-w27-bl-register-floor-lags-the-register__crit1.txt	106	c974c8f59303c1986493de81b203b0da9f6e567b65821c7fe04f7e5e8a6ac070
dr-w27-bl-roster-read-drops-an-open-human-gate__crit0.txt	153	ec38a0d33ad198e14894f02c65f62688e4ea93065f71dcf757c09bc9f65f9017
dr-w27-bl-roster-read-drops-an-open-human-gate__crit1.txt	143	69646e347b6d20a4d141b41ee929a6bd8422011a7535294525c70490db057fa5
dr-w27-bl-roster-read-drops-an-open-human-gate__crit2.txt	124	dd384304054aa1c568289313d3ecba32e85cb5c67cdcfa1f52957acb217374ce
dr-w27-bl-seal-clause-a-is-one-hop-and-bc-score-a-foreign-register__crit0.txt	184	b48410d64ee6c53875780c2d7b2899d771e317aef6dd6bd16fa014aae28e4f15
dr-w27-bl-seal-clause-a-is-one-hop-and-bc-score-a-foreign-register__crit1.txt	150	0704798690a82b436303e03f7a0bdc42ae414ad9521a77c34ba5ca1b63468264
dr-w27-bl-seal-clause-a-is-one-hop-and-bc-score-a-foreign-register__crit2.txt	161	d97be06789978b1d7af584fa92dadab6dfd12d7f01f6c68c84f8eb4c4af1b0ad
dr-w27-bl-two-ledger-slugs-predate-the-id-law__crit0.txt	101	994a973e5015a3d051f0c8d648ea7bfe0a319386acaf49bde87fe8f7472a98ef
dr-w27-bl-two-ledger-slugs-predate-the-id-law__crit1.txt	118	36344c41f94d5322fd6372fee854ef0bbf785d455e5f0dac1e77240f7493e2af
dr-w27-instance-serving-since-durable__crit0.txt	240	01b3f434a97c280650d88cd4c066b4726d740cd4ec784e55582a8ba64c88b5e8
dr-w27-instance-serving-since-durable__crit1.txt	209	4380226df8ef80828670d1682850f363bc9d2c8cdadc56a8d4a89a258694264e
dr-w27-instance-serving-since-durable__crit2.txt	180	ed6c367cb26beb67b714f76f4bbfc899af53c7492594b2fc0ce4405d6fe8effd
dr-w27-s6-followup-drain-the-stale-verdict-backlog__crit0.txt	179	5b4276cf53d93e3373d3a70c3505564f582aab7b7e888ff169757e6e1d10bbc2
dr-w27-s6-followup-drain-the-stale-verdict-backlog__crit1.txt	96	c62319d4ac77d46732c96f87a92ad1eeccbff5806a09a86bf4a60fdf3fac4aa7
dr-w27-s7-restore-a-wedge-control-that-does-not-need-runner-queue-len__crit0.txt	185	b71f3b4aee2c78928474444107c259a8f4db8f78e6891ce0ab83b696202c3261
dr-w27-s7-restore-a-wedge-control-that-does-not-need-runner-queue-len__crit1.txt	192	63a06169051050de05b1297fc43a438077428e54d2b85bf909fb27ded8777db3
dr-w27-s7-restore-a-wedge-control-that-does-not-need-runner-queue-len__crit2.txt	198	0036d99571094538e248346415c7897e1e2dc0fbacf10e3b5d06f2a03ccd431f
dr-w27-s7-restore-a-wedge-control-that-does-not-need-runner-queue-len__crit3.txt	144	2f691901cc6f1d63056a662ca44183b46ceca491a440b21cb1452e58ef186cd9
dr-w28-bl-argv-ceiling-has-no-repo-wide-tripwire__crit0.txt	121	730aaf14cf27771ed33f297d7434356ba0b8c8d603eb56637b139058f925d803
dr-w28-bl-argv-ceiling-has-no-repo-wide-tripwire__crit1.txt	114	fd4041c19c94b2d5ef8f2ea049ed37e752b3ad180e502f41121d7ad693b4c55e
dr-w28-bl-argv-ceiling-has-no-repo-wide-tripwire__crit2.txt	126	ff2bc32d08cc6447bfc69d65f7c3d6cf93fb44218d7cd8535ae3ff60df97a05c
dr-w28-bl-argv-ceiling-has-no-repo-wide-tripwire__crit3.txt	51	31de514c2bf4470a8bb94bc856a9c88ea2f6af909918e8ef9a42aef716245259
dr-w28-bl-deferral-cause-title-retitle-and-59-percent__crit0.txt	128	dfd0a6de61af51cb2eb941a3cfda0e9f95ca5ac02365fea27553120af0bdc82a
dr-w28-bl-deferral-cause-title-retitle-and-59-percent__crit1.txt	135	5b6f8a2f03f982191ef1328581e60170d2e2fa0f4c42626f83f371e77757317a
dr-w28-bl-deferral-cause-title-retitle-and-59-percent__crit2.txt	118	6b7de175df679e9919dc4af42387a6b71b69042db3ae1ffc029ce07022c0d0ed
dr-w28-bl-deferral-cause-title-retitle-and-59-percent__crit3.txt	103	171bcc53ea8d01111734a21a27e33e6faf464b13fb3fd01dc45087527ed67b47
dr-w28-bl-fixture-teaches-columns-no-producer-can-write__crit0.txt	127	499c3d4b8623bfe1f755fad609eb7ce60495becf23c84c9c5c340c83a12baa88
dr-w28-bl-fixture-teaches-columns-no-producer-can-write__crit1.txt	108	ec3d399769c64a6e713fce6488c7421e456a75bdce686a41410638958c5f501c
dr-w28-bl-fixture-teaches-columns-no-producer-can-write__crit2.txt	116	ba3da2ca32aa086484d27245e72340d3c9beba3f47c9bb3c86848259127127ad
dr-w28-bl-fixture-teaches-columns-no-producer-can-write__crit3.txt	51	31de514c2bf4470a8bb94bc856a9c88ea2f6af909918e8ef9a42aef716245259
dr-w28-bl-gyldendal-corrected-criterion-still-unsatisfiable__crit0.txt	161	00dfd77ea17aa71338cba359effb720736a3e6502dbb0fdfb263d5667b824189
dr-w28-bl-gyldendal-corrected-criterion-still-unsatisfiable__crit1.txt	146	4ef142a279ecb5547a14dc92c479b2d5c67a9f1ae9b53191c269ffdeedad50ec
dr-w28-bl-gyldendal-corrected-criterion-still-unsatisfiable__crit2.txt	120	2e150a3d3551a6aeae1704e444b2e0359c32f05a22b04aef06d5430b4770badc
dr-w28-bl-gyldendal-corrected-criterion-still-unsatisfiable__crit3.txt	295	f873822c993f79bd57d8d44dacd99692007cea0a22a2aac554b7315a4ce6c72b
dr-w28-bl-gyldendal-corrected-criterion-still-unsatisfiable__crit4.txt	129	979210c7a45a1996c09f945dc697cd06bfdbce6041ea9bf74645372a626b7000
dr-w28-bl-instance-serving-since-task-premise-refuted__crit0.txt	143	1707aadae420ec19e9483091ab6690aa8ba7a2a29948275e99821b28be47f86b
dr-w28-bl-instance-serving-since-task-premise-refuted__crit1.txt	102	7888271b2a783f9f2ad3b5ae0ed19fbe3daa51b9f83186e58db2aa14078f1efa
dr-w28-bl-instance-serving-since-task-premise-refuted__crit2.txt	141	cbd7ea50e27598260a10a7d3bb4f3f929461fcec01de91681d60d63be70382c3
dr-w28-bl-instance-serving-since-task-premise-refuted__crit3.txt	218	1547033be960f331b828118aab6017d5a37cd21f63680434c6bf85c300a547e2
dr-w28-bl-seal-predicate-parser-blind-spots-console-side__crit0.txt	107	3d39c16f8694665223120447f866543e6596e85705bbb4fce198323f275d50ed
dr-w28-bl-seal-predicate-parser-blind-spots-console-side__crit1.txt	103	a0c9edabd1c610ab3c303b249e87dc75906cff447aa341b7b5db1a546500377f
dr-w28-bl-seal-predicate-parser-blind-spots-console-side__crit2.txt	135	9a0d0b3270c02f68837903f9db0fa9ee206011869ae10cca671fc4dce2750d54
dr-w28-bl-seal-predicate-parser-blind-spots-console-side__crit3.txt	104	c0b79d87cba600317361a9450e37cdb5403a1802b5e914f221e8a28ef7322310
dr-w28-bl-seal-run-is-available-but-not-enforced__crit0.txt	173	fdd531b84917ef3e6fff00028f0f7b2fc2fb7f93cd8081ed36c8aabb2d8e9729
dr-w28-bl-seal-run-is-available-but-not-enforced__crit1.txt	200	d19d346701703e2271d39a2691a929e93246b1c46b66f640c1d4dd9b68f09f69
dr-w28-bl-unattributed-content-auto-deferrals__crit0.txt	143	c20ccd5bfbfff4c8f4bf315f6899995a2b8644e58e4c7dfbd04825ab51c6fabe
dr-w28-bl-unattributed-content-auto-deferrals__crit1.txt	86	0d576a332a5b04774d0bf989df9a562348085f28b8833f1032a9b9c2a64a601a
dr-w28-bl-unattributed-content-auto-deferrals__crit2.txt	116	15931d9a42a46e29f7919c43dc1cbc97381357beceeb3a217af0f6adf09cecc4
dr-w28-bl-unattributed-content-auto-deferrals__crit3.txt	226	846edbdf7b8fe7c1afbd443edf97c24ef1f79abb5eb9ebd4c4376e7977aad00b
dr-w28-followup-merged-at-committer-tripwire__crit0.txt	153	5fe6b7fb89b0f078bef4b3797cf9d3bb7896d614c53a24fdb8bacf5ba595dd62
dr-w28-followup-merged-at-committer-tripwire__crit1.txt	82	34f0b5373e7c92eabc8fd796988c0e9d141768ddadc065ecdb91cf16f5c1ea4c
dr-w28-rv-abandonment-predicate-replaces-the-prose-regex__crit0.txt	169	5e907be898db28295fd0c5265d1d43a89ca3d08ce9d3c78f571421e98ec6fa7c
dr-w28-rv-abandonment-predicate-replaces-the-prose-regex__crit1.txt	182	7b7cd2f2b42f765ead8c34c1bd86c1539460a4f1d16b8240cfe765660df09a07
dr-w28-rv-abandonment-predicate-replaces-the-prose-regex__crit2.txt	122	f3a903b124d9f0a0cd60291442b7166f60a7ae9000e897be5ac2266ae48a0b8c
dr-w28-rv-crown-reconcile-ci-read-path-has-never-executed__crit0.txt	146	f06cd73967408a02d70f6349c986f71dd75590658ae32bc32edd48e74feb15c3
dr-w28-rv-crown-reconcile-ci-read-path-has-never-executed__crit1.txt	195	28c8abcc0a70e8b697eb20e05f7b16e3c050de6c442d30a427276e98d45f4651
dr-w28-rv-crown-reconcile-ci-read-path-has-never-executed__crit2.txt	172	135cd70cec8ebb6a3010819101d845b95d67114fa86ba9c1d56f409eee31b00f
dr-w29-bl-build-seconds-is-per-run-not-per-sha__crit0.txt	139	88d2f61136958963ee54b6aca3f66c7569159186639e19c86f901fac1bbe67d2
dr-w29-bl-build-seconds-is-per-run-not-per-sha__crit1.txt	154	bb0a27b9df253ae5964bb00e19ecaa31ac847a63d1627d6a361007ad1bcb183d
dr-w29-bl-build-seconds-is-per-run-not-per-sha__crit2.txt	147	6a8432178c94d90528786849e2c5b94043e81b797e9369fb1f114179c859b716
dr-w29-bl-crown-http-read-path-unreachable-to-the-worker-principal__crit0.txt	120	12173d401d8063f7b7959b518f22621e2f2fdc01dc4df4a8d1f28cfb0bfc7cf8
dr-w29-bl-crown-http-read-path-unreachable-to-the-worker-principal__crit1.txt	137	7b9dfe847f9e763dc46ce10eb2718a3db6a58c9815c4556ede51ff14938ee284
dr-w29-bl-crown-http-read-path-unreachable-to-the-worker-principal__crit2.txt	209	0c1ecc5051eaf2e63762ffb2e616f7604f5ed77381d882a5c81682815a4aad4e
dr-w29-bl-no-sent-email-body-is-recoverable-anywhere__crit0.txt	204	7298d36f695acbc0eea2816f66132a4d426321c1c827313cbf0b2bbf361bb7a2
dr-w29-bl-no-sent-email-body-is-recoverable-anywhere__crit1.txt	105	9b9ec37b5fdb124187cc1f1466319d6047c413530525d6e78a8be88d75b49fd8
dr-w29-bl-no-sent-email-body-is-recoverable-anywhere__crit2.txt	160	95f499526e2aeff58a84f9b22dd6fd3f8de54486c5aadae025a318890ced88db
dr-w29-bl-post-door-label-vs-its-denominator__crit0.txt	99	db283952483608ff7cebafadbac90d62b14a2a4424bd2338640810047f47ee93
dr-w29-bl-post-door-label-vs-its-denominator__crit1.txt	244	61cfd70bc697bb4795cbdad2ead69ab4df49b4474f235684d3dcd92e23dd8871
dr-w29-bl-post-door-label-vs-its-denominator__crit2.txt	164	33eff7bc3fb55f52695a6a0f15c967520f421ba1bf51b1793c7072ccf48170ae
dr-w29-bl-remediated-tenant-is-provable-only-as-an-absence__crit0.txt	135	5bab5e40ed3499c4ea3c94255a43d670ebe1aa81347143eed7fba6890d9f3614
dr-w29-bl-remediated-tenant-is-provable-only-as-an-absence__crit1.txt	224	56f9736b2358255436b419e2621414ed5d3710bc86df394231da6861fe7fa214
dr-w29-bl-remediated-tenant-is-provable-only-as-an-absence__crit2.txt	184	eec661ff799e41a4448cac6526852a1fc548bd9b974b91e384f24f4c3babfe62
dr-w29-bl-remediated-tenant-is-provable-only-as-an-absence__crit3.txt	151	bc8757704c3e1085df1291bde088dc52ac71d20bd3510dcaa87a15acef6fbc68
dr-w29-bl-serving-since-has-no-basis-column__crit0.txt	202	514593b745dfc9449e91f03ee6dca3af2bd8de3242156f077a6c6e47f638f7d6
dr-w29-bl-serving-since-has-no-basis-column__crit1.txt	138	e7e43805f994ae0c688b5cf9c80d7e326732c3e10d8d0a55049d3fe8b38788bb
dr-w29-bl-serving-since-has-no-basis-column__crit2.txt	133	02a1e984f93b4d2e17a56aab1266c902f597091624cf3a5f7e4bd7f659fd2890
dr-w29-bl-watch-poll-budget-inadequate-under-a-merge-burst__crit0.txt	141	9ca770679d60a14f1e855a0aa78ed47d94c42ef5850750a0d936ed1d4fbada65
dr-w29-bl-watch-poll-budget-inadequate-under-a-merge-burst__crit1.txt	188	2d197c8f34efaa61a4f45f8c7a29a9c51574403ec805f8c222d82fa398125346
dr-w29-bl-watch-poll-budget-inadequate-under-a-merge-burst__crit2.txt	135	e3ed777ad28fbf3ba2ec7f266414c713c9df9623357ef89716f3adee7b24956d
dr-w29-bl-watch-red-carries-no-trend-and-cancelled-is-unread__crit0.txt	179	8c3e6d77f0cce1a47e06a0a19d3fb420669735b1449cf9f29d8cfa5ae74fd89b
dr-w29-bl-watch-red-carries-no-trend-and-cancelled-is-unread__crit1.txt	161	2bbdf5248457e9f7e74d517a8a618c9981d497b01ddd3664c2f0c46fc39da1cd
dr-w29-bl-watch-red-carries-no-trend-and-cancelled-is-unread__crit2.txt	124	762417067dded522217ff9885577c95f1ff0bb0e993a05875db8a92c9d484a7f
dr-w29-bl-watch-red-carries-no-trend-and-cancelled-is-unread__crit3.txt	126	1a68e02b339391f7cf49bf4f6e87088e59f18c1eb40b2bea1800de8fdf0c2585
dr-w29-s1-followup-run-id-alibi-is-self-reported__crit0.txt	264	2c0b576384a0a19bdf1e446eb67d7a6c2d8abea27ae2e8d0d3d7cd26fdb507a8
dr-w29-s1-followup-run-id-alibi-is-self-reported__crit1.txt	115	583d3eef4663281996c9451144b942540f73d7f1afefc1b654e5db30e9d8b7d8
dr-w3-pg-probe-url-in-argv__crit0.txt	201	6c9bdafc623673074be3cd1e3ecd8015c30782eddebaa172dc983eb6f5e2bc01
dr-w3-pg-probe-url-in-argv__crit1.txt	273	bc2d0e87bbdfec13d80eae4c45d0c989f6f94bbe5164d202ed9b83cad13104d1
dr-w3-s3-followup-capacity-code-handshake__crit0.txt	389	86ffb8b3e9b9817f5ee0cdc23c324886a87f714aaeab72a6c7bf357b7d563008
dr-w3-s3-followup-capacity-code-handshake__crit1.txt	431	c28f48dbdc6b84c5394cf6525424423f4d11cecc6cb2affc9bfd0edd135a2bd0
dr-w3-s3-followup-capacity-code-handshake__crit2.txt	330	72969967871ab06ebea5397fed165196e2825c8a73d75c06088aebe2c907d3ff
dr-w3-s6-followup-unavailable-tint__crit0.txt	337	c1cebabd58f5d7183e7b28c730a9455879fdd8a34dd0a935eaa7e0f582917559
dr-w3-s6-followup-unavailable-tint__crit1.txt	185	6c93e98504432ad93e6c3a9ef9c688239c2822a6295ff33680626c32a9aab267
dr-w3-s6-followup-unavailable-tint__crit2.txt	280	45285f61d5c7898a047a73c0176e341a91aa69beccaec27c41ca826b2eb195a7
dr-w3-s7-strained-reaches-triage__crit0.txt	340	18add3524e6f01fc4fc8402b8949055e1b595051e2092f93be4e5fb47ef5ed6e
dr-w3-s7-strained-reaches-triage__crit1.txt	203	68a556dc921543551d03d1776941c1fc26eff7a5259757ff618553f475024961
dr-w3-s7-strained-reaches-triage__crit2.txt	220	1c5fb1379a255ae2a8b7514e2442439ce06da997e2c624c05f2a19c81dec2e4c
dr-w3-s7-strained-reaches-triage__crit3.txt	391	46279b8b28d3e6b402cf7699a5f5dafc976937f8aceea428a5d7c43359ed750f
dr-w3-s7-strained-reaches-triage__crit4.txt	282	710e5504b16c9a2cf34d75fce72ac42171c70a34559439848376692190e18928
dr-w3-s7-strained-reaches-triage__crit5.txt	279	5204f772fa77d2d9b89f66733b678bd0e6c0bc4589dc200ace32329686bdb981
dr-w3-s7-strained-reaches-triage__crit6.txt	211	60bdaf9519d10faa3ec32cf460a052cf00def6c29b919ca900e1a8900f91ac91
dr-w3-s7-strained-reaches-triage__crit7.txt	297	a906d99e515868eca5d5b5563daa9b80773225f06b1dd4d7ccb789452e406656
dr-w3-s7-strained-reaches-triage__crit8.txt	248	341371895f911e38562a0cbba4dde3c542a86c289a70580279458d84b26b1ea2
dr-w3-s7-strained-reaches-triage__crit9.txt	295	d338dd95188b83108b24a3a20c2973228dbb4d54de6cd16bc0ec044d1e12b0a5
dr-w3-s7-strained-reaches-triage__crit10.txt	225	41f8450973663ee984e9ca547efd24782290e292b8e036a1a97b426954c8215b
dr-w30-bl-box-busy-deferred-is-a-dead-arm__crit0.txt	214	b1f891b6bbcda3fc7fc735190b9e1323f59bb34459e0862cb8ea71537fbe56d5
dr-w30-bl-box-busy-deferred-is-a-dead-arm__crit1.txt	198	23d2d880b09c600f2219ad1d8b2478df954efb8f37f67649727b1102328b4c3e
dr-w30-bl-box-busy-deferred-is-a-dead-arm__crit2.txt	182	7f123588c6bee01bcfd927f16ba45e653aa76c47f3289c06fb47a23bab39f31d
dr-w30-bl-cancelled-deploy-runs-are-invisible-to-the-crown__crit0.txt	196	fd6218b2914b68ad6c6922a47f2928d9445b8f68157b1b753ce6eff0cfbbb6d5
dr-w30-bl-cancelled-deploy-runs-are-invisible-to-the-crown__crit1.txt	163	cefd23da0f54b7f9cb0c80647414e580e7e8cbd9a27ff09bde3f6dd9407dba29
dr-w30-bl-cancelled-deploy-runs-are-invisible-to-the-crown__crit2.txt	157	69c3672f3c6c8ded364d7720b871a2c906f8dc70b76f33a2a2f221f86b9f1d6d
dr-w30-bl-deliveries-route-widening-is-inside-cch-fence__crit0.txt	197	34cb1c7e02bfc90fc2e8c662302fdda0cb0ca3134264250f54277d5e44bb40b2
dr-w30-bl-deliveries-route-widening-is-inside-cch-fence__crit1.txt	165	1a681cdc365cbb93310cc0237995a3b644e1991bb1534c6ecaa9beb47e7757f1
dr-w30-bl-deliveries-route-widening-is-inside-cch-fence__crit2.txt	188	21e0dc3abae060b5bf8111333d166fe1f1dafd78deda00ea2121d1843965e776
dr-w30-bl-installed-bp-lacks-wave-29s-readers__crit0.txt	239	af591cb1ab731984a64db9419a77d0fa134c123a42f44be959efc90dc05884fc
dr-w30-bl-installed-bp-lacks-wave-29s-readers__crit1.txt	112	aa993e7348c692f262bf4daa18669538c5327df6d901c0536e78e70c3b7467a9
dr-w30-bl-installed-bp-lacks-wave-29s-readers__crit2.txt	207	d92040f8d5db718900302cdc311ab017afaf650e60d29484b1e7f6076092a251
dr-w30-bl-operator-census-403-blocks-the-fleet-ranking__crit0.txt	167	abc661d42b8fa6aa382ad1e32f1b94882f1e5cad311d829be6fac2a70cc242b0
dr-w30-bl-operator-census-403-blocks-the-fleet-ranking__crit1.txt	175	dab841f10033caa2e86b9051a5f1cc3b1fcc69a64628589fe713f46fefe2b308
dr-w30-bl-operator-census-403-blocks-the-fleet-ranking__crit2.txt	183	7ddd297c18bed8546174c76cc69e19dff5c70aab8b8114ca4e7faec2159aee92
dr-w30-bl-paper-ingest-limits-500-with-no-detail__crit0.txt	156	6101db4f6fc643b9f792daf3be8b04a748e6328e79b0214564dbeaf5c3687a2c
dr-w30-bl-paper-ingest-limits-500-with-no-detail__crit1.txt	149	92a3cc1ea3f29d225287bec25cbde12f6bd375eff3f44457daf96c69debcc6df
dr-w30-bl-paper-ingest-limits-500-with-no-detail__crit2.txt	169	679adf6056b63fa487da7a731f8f707e21263a3e37c9866afabcf51cc47dd090
dr-w30-bl-paper-ingest-limits-500-with-no-detail__crit3.txt	173	21683e8e47c7f1497859223e17c4cb959e198672c1eed0edcc8bf397e7b0b823
dr-w30-bl-seal-clause-a-orphans-doubled-to-161__crit0.txt	194	d11c4fb37179922965bf2abbf6c6064bec77d01299b22d320513e8c09b0a4b34
dr-w30-bl-seal-clause-a-orphans-doubled-to-161__crit1.txt	183	7fefa88f24da0ded042a7601bbb30ff4386e77171f704dca1b3743781140934f
dr-w30-bl-seal-clause-a-orphans-doubled-to-161__crit2.txt	225	b62da2a7f9fb92db3e43ddd4516d9389a745443f1e19532eb6d5707b0274d975
dr-w30-bl-w28-s7-criterion-wording-is-unsatisfiable__crit0.txt	143	be702c12adc8d677cca3a19874081d4ab6f010df43f8aba57e800a1ce6f816e5
dr-w30-bl-w28-s7-criterion-wording-is-unsatisfiable__crit1.txt	181	96f43dac7e92891b3871501a8712c317f2e6a380158a45c44b0e8ba741fe0b8f
dr-w30-bl-w28-s7-criterion-wording-is-unsatisfiable__crit2.txt	191	8191fbfa97e3a55eb13d5cd78340840c7ed237447b9f65b17d8f7c1e4bba3303
dr-w30-followup-headline-refusal-names-the-window__crit0.txt	211	4c8d22d5d36bef7efc5a8dfaeede7cda16836abcc9cbc4177dda76eacaa11fdc
dr-w30-followup-headline-refusal-names-the-window__crit1.txt	170	ca88702e4da45e1b9b81928eb4bc04ccc7c297f53652e7b51f76e428521120a3
dr-w31-bl-every-rate-prints-both-bases__crit0.txt	193	68dfd525dc1cb2008443e4c4123dea39887252cf140bc56cedb88dc48e45c522
dr-w31-bl-every-rate-prints-both-bases__crit1.txt	201	a71ccba8ca6f1c8e59e10a74e685876dddd6bbde58bc6ebc7359813f3f620099
dr-w31-bl-every-rate-prints-both-bases__crit2.txt	144	fcc3b5365aeb009664ab1ba4a940cc3be85f3ef5e93cde178da566e202795578
dr-w31-bl-every-rate-prints-both-bases__crit3.txt	145	165046df1944e9463b4063fdb93db43e952174e06370405106c14564e2c58643
dr-w31-bl-search-starter-retry-budget-is-unreachable__crit0.txt	280	0f57f92ac686cbba6404f2213654fc2b2970cef9032f3bd8428ffb87b44fac7d
dr-w31-bl-search-starter-retry-budget-is-unreachable__crit1.txt	104	acebbc1104904cbf2d7fa832856faa1b3bc19195e495cbd43de7b9971920e584
dr-w31-bl-search-starter-retry-budget-is-unreachable__crit2.txt	142	4c171d4f9331d0d33b9a5322d6f8003ff3d79590664a1974cae590ecafe63fa3
dr-w31-bl-served-catalog-drift-is-red-and-unowned__crit0.txt	119	de29ab5466d10cd4d8704acdef6b069f4cacc5fc92511434290f214da39e8faf
dr-w31-bl-served-catalog-drift-is-red-and-unowned__crit1.txt	198	f3770e9452c5aae244b1b8ea821f77558211cc0bade45073718486a7897b166f
dr-w31-bl-served-catalog-drift-is-red-and-unowned__crit2.txt	107	215c54e18c3f731f66549fef7d3b4207d56075289876f80ff554f5de548cf5de
dr-w31-bl-spawned-box-never-gets-site-deploy-apply__crit0.txt	148	ea277f237280db75bf9b027f503f302dd4fc09785950fa2f0cf993b542577f59
dr-w31-bl-spawned-box-never-gets-site-deploy-apply__crit1.txt	189	8e9983de5414504f1c4eaa8b5edde1f8f0edfc478273773046f0db5570ecb626
dr-w31-bl-spawned-box-never-gets-site-deploy-apply__crit2.txt	150	b7a75330b16676737aaa7eb98ff4476b6c6818cc9f56beb1fa00b7096fd101ab
dr-w31-fu-agency-reaches-the-cli__crit0.txt	171	e07c38efd8dac5d44810d6dc5d6fcb05af72a9dab2044ffc3ecf996d18531f88
dr-w31-fu-agency-reaches-the-cli__crit1.txt	195	cf1ee5ba5dbef224b73aa51e0623de1677f711d83ed86c049d5f6600b4cc58c0
dr-w31-fu-agency-reaches-the-cli__crit2.txt	173	3258d81ef8b74eaefab4936df6eb748e617599d644b8433cb09d45a9df92aa1e
dr-w31-fu-agency-reaches-the-cli__crit3.txt	219	4de4d04c4fd39411e8969f12a27dd75f0c8f1d5fc245e63a5d5f693523f9e21b
dr-w31-fu-agency-reaches-the-cli__crit4.txt	154	3613e9ffdd4c163439d7be7599e92d75916cdd775b853dc45dcb0220371d98a7
dr-w31-fu-agency-reaches-the-cli__crit5.txt	168	84ef42c3e01acb8c568c9f226264e910983d0bacd05246589293f0fbddc5d246
dr-w31-fu-agency-reaches-the-cli__crit6.txt	152	cf785538406dd12d707840e2dfe51f54aa6f7360a5dfb52eba4b309b8e006db1
dr-w31-s2-followup-split-rc2-so-a-benign-grace-does-not-page__crit0.txt	153	4dac6a1f2959e73080722a5597699c0847580831b05d68bb7a46ca6d4ef06eb7
dr-w31-s2-followup-split-rc2-so-a-benign-grace-does-not-page__crit1.txt	134	5e1b17bd35db51b475f8174dcb69b2864d626f4d586bd5c71be3d051797bfe58
dr-w31-s2-followup-split-rc2-so-a-benign-grace-does-not-page__crit2.txt	115	46b677d9e9534bfc2bce3b76f299af8d695200e8f78e08ca0a28f48ca8192637
dr-w32-bl-box-unreachable-needs-an-episode-alarm__crit0.txt	173	ae1c45f15c42cabca49db6339e0e2bb83df68ba455e8c168b59c758cb99f5758
dr-w32-bl-box-unreachable-needs-an-episode-alarm__crit1.txt	119	3234d8dc74535c2d71feb04ff6e2538563fb0f48e64a50c6af6d5e551b09a7b1
dr-w32-bl-box-unreachable-needs-an-episode-alarm__crit2.txt	105	2b101d422f898a998e3c1d6a3fedd26f3c7d22fe06681461c6bb68672e61328b
dr-w32-bl-census-helper-emit-escapes-both-gates__crit0.txt	165	f79d18cdf3bc4f1562ebfab518ce2fbb687aa487b24e6236b4003f59f303fc27
dr-w32-bl-census-helper-emit-escapes-both-gates__crit1.txt	152	54a666c22bfc55590e6157db74ac6c7be2053960ed9e3471c6819fc214651e2e
dr-w32-bl-census-helper-emit-escapes-both-gates__crit2.txt	137	70d0731cb85cb587ae79c0cc304b8b08e626f8b5cc3cc22a13df0d2875c17672
dr-w32-bl-dedup-outage-unreachable-from-http__crit0.txt	135	a78d3e4f4c8df5c401b4c1080dcb631ce6e43462bf62ca68e5cb2184d6427954
dr-w32-bl-dedup-outage-unreachable-from-http__crit1.txt	156	077c4dd721260adeec0a51380a3efbb36d4becbf8d30dddd4f07593532391f4e
dr-w32-bl-dedup-unavailable-is-an-outage-called-a-veto__crit0.txt	139	810a8e52933406bf3d075e163892167768e067bd5721df2acabf0a9f2facaecc
dr-w32-bl-dedup-unavailable-is-an-outage-called-a-veto__crit1.txt	115	98f2cb642537c1a15fcee42c81bc599d8507f93c173ca25591132af8b7ef3645
dr-w32-bl-dedup-unavailable-is-an-outage-called-a-veto__crit2.txt	112	e0578ad20498dbfdfa600a6b55909b66cd3d171df62336b5d986d45b588c2096
dr-w32-bl-deploy-wait-for-live-flag__crit0.txt	190	db02f74100ec963e4e82756ca62df1de510bf2b39f24435528cd25a2a12830fd
dr-w32-bl-deploy-wait-for-live-flag__crit1.txt	193	f6a009774bbed2a65095e5bb783de0819bd38b0edad30264a49f049ee0e72a96
dr-w32-bl-deploy-wait-for-live-flag__crit2.txt	150	607d984b1961c6c1ca7c9d940b06a077060069c1df29b5248381db1404c26f4b
dr-w32-bl-ops-route-discards-the-wall-failure-names__crit0.txt	153	9d8c9eab23d86cb31283137d52c91fca3cd432439b09aebef22757d4535bdc5b
dr-w32-bl-ops-route-discards-the-wall-failure-names__crit1.txt	139	2f8cca3e36af075c0d69e0e6e281ea329bc68401d4f31a19589003acb3696db0
dr-w32-bl-ops-route-discards-the-wall-failure-names__crit2.txt	160	5439eb566ad09a00317a1827e848c578748f5cb09bbefac7c929d3dad5dbadf9
dr-w32-bl-post-papers-silently-ignores-ifrev__crit0.txt	136	d71702bc3ba757e9b086568e964b410d2a17a5f417bc81959004fcbe2f984093
dr-w32-bl-post-papers-silently-ignores-ifrev__crit1.txt	93	217e759e68c270acd5e24e8b85d17a91da138833ee56424c2f1432059af38ff5
dr-w32-bl-post-papers-silently-ignores-ifrev__crit2.txt	135	a7de1e03b26edb534e7ad17915b9dd8a09583d350a6e3683f001d50aa5d2280c
dr-w32-bl-readerscan-prose-certifies-a-readerless-key__crit0.txt	149	34e1f7b0d3f54495adc856c69a89fb9b8ab542155b90b3bfd9915b6f193bd3a0
dr-w32-bl-readerscan-prose-certifies-a-readerless-key__crit1.txt	127	31adbd471e35810cad02c715f14d48d1e0a0c99096043315ba841b35868d1881
dr-w32-bl-readerscan-prose-certifies-a-readerless-key__crit2.txt	104	0c9dd078ca39c7fb78ec513364f578228c2159cb1be229dfe28477b49bba377c
dr-w32-followup-coverage-names-no-site__crit0.txt	278	e94eeb40fea63bc98c26e89048afc2bc818129ef80ed67c28b4ca5ffdbe97bc6
dr-w32-followup-coverage-names-no-site__crit1.txt	171	ddce4faa79dd997cf24f9ad30d707fb2fb4c75b2e971c45de3baaac4d7ec18bd
dr-w32-followup-coverage-names-no-site__crit2.txt	249	ca13058b471c3aecedf2908fc3d7a7e974e2c9966894f62a5f5d6d754789ed98
dr-w32-followup-coverage-names-no-site__crit3.txt	219	6c43df00f647045d262b440f0825d377f9bd7a13fd1abd60001d4f19670b3c2d
dr-w32-followup-coverage-names-no-site__crit4.txt	204	34d894c85512423f67ba881b923555ccbb0c805c588f0f59773eed4f391f5be7
dr-w32-followup-coverage-names-no-site__crit5.txt	180	f0f300e8490ee24aab573d5c6fe4fc2170410a556d8787882727e18825656f87
dr-w32-followup-coverage-names-no-site__crit6.txt	154	b7fef67aa55757704cbce4ef14e0a0e83470d1ad00290271a7727ea58cb56ec1
dr-w32-followup-coverage-names-no-site__crit7.txt	205	9c7b8ff6fab184a5cfdaa8b56969c916be27a01298071c4734172d3c78a6ac8b
dr-w32-followup-coverage-names-no-site__crit8.txt	362	fd2987e0d7128ba592ab56fabd027b08cf2074e43163cf578145e96ae4d58c2c
dr-w32-followup-coverage-names-no-site__crit9.txt	221	b12b6c21d426c860aab7d363b67767f34aee7b45a6b82818586bdc2855a86b2d
dr-w32-s5-prod-abandonment-predicate-reading__crit0.txt	177	5dff862e8840a09d6ec9dde52b80927e6119103bdedd940bafe0c7f6f14ec7cb
dr-w32-s5-prod-abandonment-predicate-reading__crit1.txt	149	61376aba3a527d24df9d86878db29c8607a4f35bc806821d68cbe9f6d9533bca
dr-w33-bl-carrier-less-watches-get-a-carrier-or-go__crit0.txt	220	6c185f1982a920ae7e1bb27d665896345493ae5996182cbe7b251118a71deb4a
dr-w33-bl-carrier-less-watches-get-a-carrier-or-go__crit1.txt	121	bc5c5534d1fa9307483800c6bc8276fa6367a0c5309dbe16078383c23d1538d8
dr-w33-bl-carrier-less-watches-get-a-carrier-or-go__crit2.txt	221	8c6eda8b002f5f4424203836923d7f5ae629b237e05e0de59ee8fc9c196a1afd
dr-w33-bl-carrier-less-watches-get-a-carrier-or-go__crit3.txt	136	18dd83d2e01a3ecb2992405e4e72d0e4dc230092e5bb932b4e8940c41845c126
dr-w33-bl-carrier-less-watches-get-a-carrier-or-go__crit4.txt	90	04a930f040c8e2a8b48397152cb40f6774e05de308a1fcc27bd022881b158987
dr-w33-bl-crown-schedule-has-never-run-the-reconcile__crit0.txt	182	0e1668966da74b814035dff6f109a980765fc9c18acbd2ce2a0fe06e8cdba726
dr-w33-bl-crown-schedule-has-never-run-the-reconcile__crit1.txt	140	02c8591b1874a9c89b187cf80ea28b93143ca61afd4ebe9cc38ac982a27de9c1
dr-w33-bl-crown-schedule-has-never-run-the-reconcile__crit2.txt	190	d2fe97f634deb8f88ae32565515ba63335115652d22962b0d9a1fd723921f052
dr-w33-bl-crown-schedule-has-never-run-the-reconcile__crit3.txt	281	bfdbdbeb1d3c7b5b8b59c28ab7f9e820056bd71bd93f56631fec897a2b4fdc89
dr-w33-bl-delivery-sites-node-is-anonymous__crit0.txt	206	93d1e3fa6c5b1087c99630d26a2ee6c9ca03560005b4d2bec2a29405158f41b2
dr-w33-bl-delivery-sites-node-is-anonymous__crit1.txt	179	8f704420fe4055435855e56ff84214d64c6d76bb4c02d580ab11acced3397229
dr-w33-bl-delivery-sites-node-is-anonymous__crit2.txt	109	9266d4bde7791a90a9c7d66520b32ebb0f280202805c5b4fc5d7b01128b04811
dr-w33-bl-delivery-sites-node-is-anonymous__crit3.txt	140	62c4cde1915dc95b91dedcfa6afc7f0bd14af3a8257633aecd2cbf6a33e673d7
dr-w33-bl-delivery-sites-node-is-anonymous__crit4.txt	90	04a930f040c8e2a8b48397152cb40f6774e05de308a1fcc27bd022881b158987
dr-w33-bl-digest-audience-keyed-on-instances-not-sites__crit0.txt	163	9364da59f6f9b5f974a4bd2be63a19956577d114ba8c72e9622790cd2211e98b
dr-w33-bl-digest-audience-keyed-on-instances-not-sites__crit1.txt	194	14ffb24076424f3468cb69c057c3d88f13c6641656b74c976513fd34119d5ec4
dr-w33-bl-digest-audience-keyed-on-instances-not-sites__crit2.txt	162	e7bbdc78932a70753a4b2b7eb6ef57b329a4fd0013e029710c91bd6decf33a88
dr-w33-bl-digest-audience-keyed-on-instances-not-sites__crit3.txt	116	13e41fe57e96a2775b64a55a74152235d6cb9f805576ccb25d47831a1d163b8e
dr-w33-bl-digest-audience-keyed-on-instances-not-sites__crit4.txt	90	04a930f040c8e2a8b48397152cb40f6774e05de308a1fcc27bd022881b158987
dr-w33-bl-task-create-refuses-criteria-less-rows__crit0.txt	181	7432a3f262a69049345f49ff739c7b9a3420af8b2aa84fa54de61751dc39baa7
dr-w33-bl-task-create-refuses-criteria-less-rows__crit1.txt	173	f10f9ad0f63bf5b22d86c3f3d77a1a03c0f653c8bbe403f78a5976d28da9644f
dr-w33-bl-task-create-refuses-criteria-less-rows__crit2.txt	168	79eed8acf9046e31dba6945977ae35ba093a80ec4e2c13a8f7935e2f7d68929f
dr-w33-bl-task-create-refuses-criteria-less-rows__crit3.txt	232	91f99ccb795558ded4ea015ecc957f4eb014c9a67ee718a06ad299da68bd6706
dr-w33-bl-task-create-refuses-criteria-less-rows__crit4.txt	90	04a930f040c8e2a8b48397152cb40f6774e05de308a1fcc27bd022881b158987
dr-w33-bl-w28-swap-needs-its-own-negative-control__crit0.txt	217	47995c7bb0c35c9c149ee2bc17e25fdb4a6748c204ec8cc799393685d8e1c0ce
dr-w33-bl-w28-swap-needs-its-own-negative-control__crit1.txt	205	338a20a693b2a0a47394ff3511e7e41b2fff1ecd5ca2450361c0590b47be4b41
dr-w33-bl-w28-swap-needs-its-own-negative-control__crit2.txt	152	3bed51a4b35acaea66d628215a9ce6df2e6ed5a4a46279cd3cca05d758a7efed
dr-w33-bl-w28-swap-needs-its-own-negative-control__crit3.txt	195	654902da82328f6e81371549ec287f9904a999009a538bbc7f8d86ec5c2fa809
dr-w33-bl-w28-swap-needs-its-own-negative-control__crit4.txt	90	04a930f040c8e2a8b48397152cb40f6774e05de308a1fcc27bd022881b158987
dr-w33-fu-patch-spawns-a-counted-draft-shadow__crit0.txt	249	ff7586bbc53027093ca60f53f1775a5e53ea05e8f2c78f1a88610704b2aefe46
dr-w33-fu-patch-spawns-a-counted-draft-shadow__crit1.txt	167	818f29b6cbc82fb3bd5a5877c3f5830c3c8bfe1f6357b5dd9c9a8c4ef1c48e9d
dr-w33-fu-patch-spawns-a-counted-draft-shadow__crit2.txt	197	3a7ee1c2284a9330c56043dae74646bbd50101a70fb19bc9e7bdc6236b4dad92
dr-w33-fu-patch-spawns-a-counted-draft-shadow__crit3.txt	231	cef2739fd812c424d6c5cabac97924f4a4e6b26f07e5f5b79f26631c5222458f
dr-w33-hg-owner-subscribes-to-the-repository__crit0.txt	177	149fcf861c379a0a9e3b0d0d2664f67d4183b5be682ef0fd92c2a0d14427d030
dr-w33-hg-owner-subscribes-to-the-repository__crit1.txt	212	0090e05ed54d552e286f6e743f978b9203ef20b0868cddf002c91db9d9743095
dr-w33-hg-owner-subscribes-to-the-repository__crit2.txt	162	19b25b0e8bc8912c823773c1713a598bf8dd50a0550ff8ee5ad6a872ec9c2449
dr-w34-bl-abandonment-predicate-is-gte-not-equals__crit0.txt	160	df9ccdc52d6de7a769f4cfda31b60f2302a2d41793a1ada95b7e746058eae1bd
dr-w34-bl-abandonment-predicate-is-gte-not-equals__crit1.txt	117	671cd366eac8513280301016ae70aacc2b9343be1e65a0d3dc5758a099734a36
dr-w34-bl-abandonment-predicate-is-gte-not-equals__crit2.txt	188	63f152059ce36423ce2e28cb6929b578719f7f2f581c4348be9b34a6c1288fa1
dr-w34-bl-abandonment-predicate-is-gte-not-equals__crit3.txt	190	7b454d4fd1f6f5e61456a38723e79815fd4e6dafd445049a446c343b132540af
dr-w34-bl-abandonment-predicate-is-gte-not-equals__crit4.txt	105	e30a2659e0c0889a308d92ffe5799b82dddaeb8a23d8a7c5a89ab486c4f37b53
dr-w34-bl-abandonment-predicate-is-gte-not-equals__crit5.txt	117	9d7c9eae1dc8cf7de46f64f630e2f9aa7842e353c792ed29804468f32ee697db
dr-w34-bl-abandonment-predicate-is-gte-not-equals__crit6.txt	51	31de514c2bf4470a8bb94bc856a9c88ea2f6af909918e8ef9a42aef716245259
dr-w34-bl-alarm-comment-path-reaches-nobody__crit0.txt	118	e4e731003bc4d0714226cb4974c59813131d082b14126f2c5ef6427b2e25aac5
dr-w34-bl-alarm-comment-path-reaches-nobody__crit1.txt	176	11579dd22b96cbcf74a281dbca3ce2c16e4c02a693c3aaf88c53fef63e35bda3
dr-w34-bl-alarm-comment-path-reaches-nobody__crit2.txt	157	6409d78b43ccc0363b09d1a98dd6b21700323dfe1fa02d77246f162cdde09520
dr-w34-bl-alarm-comment-path-reaches-nobody__crit3.txt	127	a71de629628828f4231e0e09cc1de330161bf42a018b45baab9dfcf7d4cd993b
dr-w34-bl-brief-card-child-count-still-double-counts__crit0.txt	76	e4bdc67fa5d1d2ea0e5e976d045fa1276854c7448fc918385ebf439a6cb9a0e1
dr-w34-bl-brief-card-child-count-still-double-counts__crit1.txt	111	2de32f7bd5138696a96e14a9b2a0cebb7479be38ac3f9f9d6159f7acf2e4e505
dr-w34-bl-brief-card-child-count-still-double-counts__crit2.txt	117	7885096db2a2e1c7884602cbb7169257950c151ea2142059b267091dd8f916dc
dr-w34-bl-census-timeout-has-no-cost-pin__crit0.txt	153	0bcc2c317f970e58e79e6e07a89ec655fc53c18868e5219d7c25dbde0d87d16f
dr-w34-bl-census-timeout-has-no-cost-pin__crit1.txt	140	9d193963c33368d067b8f19b48fd6251db9627be3c53cb3d25169f0adf6c1a8c
dr-w34-bl-census-timeout-has-no-cost-pin__crit2.txt	147	14058430197adb3d89107d3879a35ab47cd4e3e2ae75f580cfdcc49766ce0ee3
dr-w34-bl-census-timeout-has-no-cost-pin__crit3.txt	129	9aff893a07a13ec31d387d07f3630576826e0f4e6991c12c2c85657196d6d66f
dr-w34-bl-digest-cannot-prove-what-it-said__crit0.txt	164	e3e900f264084d9b23143773244c56d3c67265f647c2f6a32c7d18cf49a160e7
dr-w34-bl-digest-cannot-prove-what-it-said__crit1.txt	122	283f4b203c1d22d275f2b444e4629f26c54147aa636fce7aa5186bec4009be83
dr-w34-bl-digest-cannot-prove-what-it-said__crit2.txt	84	8b56e0ae9cce093abb5ecec547e2e5dd46f266766dde59f0d275bb0f9d681df3
dr-w34-bl-digest-cannot-prove-what-it-said__crit3.txt	155	2d779ed1b9dfb586ecccf352f64b25d97c2814be218f42c0ad7be1f67e2c2b9a
dr-w34-bl-residual-seven-unverified__crit0.txt	149	bda6fef1dbfd3cc18e9838ebc88a2498eee7108e2c91292acdf820e21c8daf80
dr-w34-bl-residual-seven-unverified__crit1.txt	174	d1e2d090daba32576c8f661db5ba98c815244c8c1cd5f4de119b9c38bd6d1450
dr-w34-bl-residual-seven-unverified__crit2.txt	170	5069741963a6ecceebce082bade72a65098ac5ffab07818e1199cc11b7fb6253
dr-w34-bl-residual-seven-unverified__crit3.txt	139	37168f1f616dc4eac48924283e6069c2de6d7a3d2ac3649c8628230a037df2a6
dr-w34-bl-residual-seven-unverified__crit4.txt	190	00084c9211ac55728177667d5820ccf457aa9519112deadebc78370a3c96e8ca
dr-w34-bl-seal-run-predicate-flag-is-a-decoy__crit0.txt	135	5a41235f70a77ed6a6418d1203a1409eb079766e1b8598777b58a4b3e409e007
dr-w34-bl-seal-run-predicate-flag-is-a-decoy__crit1.txt	137	1de24212f9e21c7594834c1b423067d7ade466dbb0e6d2e940df4a6cf83b5047
dr-w34-bl-seal-run-predicate-flag-is-a-decoy__crit2.txt	138	0a98ac2de765686b6f45c284b91e66aef9bd7032612eb4b4605cac6dbf426d9a
dr-w34-bl-seal-run-predicate-flag-is-a-decoy__crit3.txt	1271	ddac1ae09b0ca8bfaa573b093598a1ec3736af075a63381b712794a9cec4dfd6
dr-w34-bl-seal-run-predicate-flag-is-a-decoy__crit4.txt	71	b04760c9aa1c69bd5657970e9fafb4229f401cc540c48fb78e19ac36f5576698
dr-w34-followup-live-as-of-capture__crit0.txt	170	2faedd9d677d86f32b8f7703ab497068e67f8165087d874019a14c3f85695695
dr-w34-followup-struct-tags-fallthrough__crit0.txt	139	d770285a46c05150dfd0209e9d248e8321a5bc35215fe98297f381462f8bc3cb
dr-w34-followup-struct-tags-fallthrough__crit1.txt	80	6b8e80da07be445aa3e0c3e34fb360545dce11dc64a0d154d85662886a59e4d2
dr-w34-fu-exit-reading-pin-ages__crit0.txt	265	456fcf788d376e2a9b29ecd33481fb83acd015f4e1c0ed9f96a885fd68d74f31
dr-w34-fu-exit-reading-pin-ages__crit1.txt	183	d594c893bb49e82b72716024d4f040b3e06d482a0b9615ece38024fc6f7fac8b
dr-w34-fu-inflight-deferral-is-unbounded__crit0.txt	109	943039b27de5d801c61d254d781718db91141e70ffa0581aeff88aa7658fbb4e
dr-w34-fu-inflight-deferral-is-unbounded__crit1.txt	120	79d2c83981b73c7214f91acbac415435ac23539418cabb81923003359cf8b810
dr-w34-fu-inflight-deferral-is-unbounded__crit2.txt	83	705de825d962cde1dbce29dc3018f897524d9ab4ad6c5641320039c7bc6715a0
dr-w34-fu-run-page-composition-narrows-window__crit0.txt	114	aa3cd19bf6f4d65b16af01ced3007d20f6f0dd51ffda94ad25d578dbb289aab9
dr-w34-fu-run-page-composition-narrows-window__crit1.txt	108	e4cef2e77445f604d97699fff983f43c4d7b59c8e34b3618b52cd33807d036f2
dr-w34-fu-run-page-composition-narrows-window__crit2.txt	122	9c4c3086be4e9c1998295fbe5612e5492290319d6c49bd891fb3274f467ce0fb
dr-w35-bl-charter-d106-phantom__crit0.txt	172	3ab957712f21d186dbc8bc935b2b24dea50d37e7d19bca670cbdd6e86bf82573
dr-w35-bl-digest-blind-to-never-covered-sites__crit0.txt	172	3ab957712f21d186dbc8bc935b2b24dea50d37e7d19bca670cbdd6e86bf82573
dr-w35-bl-quiet-window-cannot-see-a-dead-trigger__crit0.txt	264	f3fffdb901bdcb3bcaa3053ec558223cd8f20ebe81c276caa26f683bf7eba65c
dr-w35-bl-quiet-window-cannot-see-a-dead-trigger__crit1.txt	270	93a7dac80cff4fef186b0edb7d1cb5146156a32f8910b4734f6c0e2cc2d6ade7
dr-w35-bl-wave-papers-422-semantic-empty__crit0.txt	172	3ab957712f21d186dbc8bc935b2b24dea50d37e7d19bca670cbdd6e86bf82573
dr-w35-bl-whoami-presence-oracle__crit0.txt	172	3ab957712f21d186dbc8bc935b2b24dea50d37e7d19bca670cbdd6e86bf82573
dr-w4-bl-agent-build-in-place-can-etxtbsy__crit0.txt	122	89e367b1b4a53764a1814e0901573e51b88c33a51b1a7db1845c6d8572ae650d
dr-w4-bl-deferral-raw-column-ambiguous__crit0.txt	174	76619843330221af1ff1a9375554a19f113399ee41fb522bd185fdf5b3fb20bd
dr-w4-bl-deferral-raw-column-ambiguous__crit1.txt	140	dc3d25038bca4cf907872f98e7a6094ba2e64022e91a36420b82743169f78c43
dr-w4-bl-single-instance-read-has-no-pressure__crit0.txt	181	5462f1f09a23366b036179b9edcb622844c09425f068f26c9dfb81987a661ef8
dr-w5-followup-5xx-reaches-no-eyes__crit0.txt	282	2624ff47e120a5b89f77a89b689abff551d2ed93336e681f66fe3fc0f4f3a0cc
dr-w5-followup-5xx-reaches-no-eyes__crit1.txt	351	d293967e99cee9213e4fa84952fbff15c50b58133944c77c857405f8eb9a3a62
dr-w5-followup-5xx-reaches-no-eyes__crit2.txt	272	5c3e2b4d757caed37c13287cc9cf617bddd4abba2525a648d61d0c3ad560be68
dr-w5-followup-5xx-reaches-no-eyes__crit3.txt	369	295b472d64ac2ec3813e0c16fbc603f693f734065139dfefd10fd74e030d7962
dr-w5-followup-5xx-reaches-no-eyes__crit4.txt	96	3a7197c9dd636169449c3996f6bb14598c9da06906696753fa82b6a4d2108749
dr-w5-followup-spa-ladder-two-tier__crit0.txt	299	8364cdaca92959b0ea8bd9e559f25a7410e9a49fa5b6b3ee8f6d1e81ed3f6516
dr-w5-followup-spa-ladder-two-tier__crit1.txt	229	c934390a2022aef97d75b078d307e102935d00d30277da23767cc1bedf375826
dr-w5-followup-spa-ladder-two-tier__crit2.txt	219	cda55ce641bd3609a0c216447ba07dcc35b8a0cde1b994d917d4605b8560b271
dr-w5-followup-spa-ladder-two-tier__crit3.txt	256	1e354daf11c6dc1629d45166f1a91eba34e16c94fefe8ed25bb136ad8a539e58
dr-w5-followup-spa-ladder-two-tier__crit4.txt	206	36ac6efc0bee12b0885116f17794e7017a1f2ed6ce1d1070a2724cf460f5ac35
dr-w5-s5-space-by-host-consumer__crit0.txt	305	fa154a519145548a27dd6bf86bf65fc86b03ab254fd90f8682459435e21d6e43
dr-w5-s5-space-by-host-consumer__crit1.txt	340	8b8ffc270d34344d37d1254bd06b5579a12275d62f26ba808306b22506767195
dr-w5-s5-space-by-host-consumer__crit2.txt	239	01ae744ab10fd4070b4aee63d23fc891e74fc22fd9bb4ac6d7dbd475c53e679a
dr-w5-s5-space-by-host-consumer__crit3.txt	272	5ac64e5b4ccd7b26c3c7b748f5d99d05787908b1b8472f3c06d2311106f65fda
dr-w5-s5-space-by-host-consumer__crit4.txt	291	c34445686d508f1b253491fc6e6c48fbdf62572b91cf01c2ff2b2022f61e8091
dr-w5-s5-space-by-host-consumer__crit5.txt	355	222d4afa07f157816e2e4db163dea2ce3e025cb7cd6d27d5e59e3e2a7aae83f7
dr-w5-s5-space-by-host-consumer__crit6.txt	161	8d4ab78f08a0d32314968cd75378807ece3f6732e531d8222f54bd251f36870d
dr-w5-s5-space-by-host-consumer__crit7.txt	213	4e81d20531bd1f5e297b5d51c4d4196d62f0c5a2fbcc514077bdef620e78c9ce
dr-w6-followup-whoami-cli-freshness-leg__crit0.txt	349	7ca1a2c12903cc77ad794a2185c71ef87b1e5a6ff68917897305fec6661417c6
dr-w6-followup-whoami-cli-freshness-leg__crit1.txt	215	0daf0301b906ace1751ecf2dbae55038eb82de5870e502e4f9b1d86bf2bb52d2
dr-w6-followup-whoami-cli-freshness-leg__crit2.txt	161	094ef4a40d89f2b8269d2a6b674f52c25ae93865841d001222f2c626dfaae59b
dr-w6-s5-5xx-and-degraded-keep-the-reading__crit0.txt	477	3b6539d445dab57e2bf9335036a846b3475fcc3b501a2c97b5e89564239f38e7
dr-w6-s5-5xx-and-degraded-keep-the-reading__crit1.txt	341	a4fd8649a8375637fc73f961bc8cf9d2c2e36f42ead72714e8da6e4e59f301c8
dr-w6-s5-5xx-and-degraded-keep-the-reading__crit2.txt	192	2f0ef5c241a4eba8356fe63e50a92c627900995327740a8f5816b49d1c2b66c1
dr-w6-s5-5xx-and-degraded-keep-the-reading__crit3.txt	273	91a27f58aee33cb6ccbb254dae465da917fde0c1196b50d6e7390f53770ef946
dr-w6-s5-5xx-and-degraded-keep-the-reading__crit4.txt	276	2069264594a1fe6160f0d3729ce25f8556ebefd743018243737567298298a975
dr-w6-s5-5xx-and-degraded-keep-the-reading__crit5.txt	273	6c1ecc325f51d919cc7eb578094df65f8b15a95ab806859ccd36687bb8ff3a82
dr-w6-s5-5xx-and-degraded-keep-the-reading__crit6.txt	356	44345c689f83ff9465f9a9ae091a7e87ab601cf7cafe710ff34358761643741a
dr-w6-s5-5xx-and-degraded-keep-the-reading__crit7.txt	329	c6f73814e03c3372c4ef4bf3e87bcab2c9c72d91ed5f1915e5174cdfccca6d5b
dr-w6-s5-5xx-and-degraded-keep-the-reading__crit8.txt	244	3d028560d7c71820d22d42dd5be2df30c3af0920d9399a4e9529de153d222619
dr-w6-s5-5xx-and-degraded-keep-the-reading__crit9.txt	207	e38e1d29c76be37f97aaf73c78f5b554fb71bd9de2bcd14876e65ba17a481bdc
dr-w6-s5-5xx-and-degraded-keep-the-reading__crit10.txt	96	3a7197c9dd636169449c3996f6bb14598c9da06906696753fa82b6a4d2108749
dr-w8-followup-status-poll-reports-idle-on-a-wedged-runner__crit0.txt	73	2cccbf855cc4e7fcc110ef672751fe0c09f52b6d95800ccbd6488c94c484d840
dr-w8-followup-status-poll-reports-idle-on-a-wedged-runner__crit1.txt	157	00b6aab74c17a3a6a180998b09118cddaa83c0bb5487e1eba474a67f16335a17
dr-w8-followup-status-poll-reports-idle-on-a-wedged-runner__crit2.txt	92	786dfc56506c0a0f20ff892ffd37c7d554371f288ee3fa438b19636e41dcd67f
dr-w8-rev-escape-harness-learns-the-refusal-sentence__crit0.txt	167	b3f3a54b83007e28d8a881a71b8baf10854c4c2a07835f36273123e435c2be16
dr-w8-rev-escape-harness-learns-the-refusal-sentence__crit1.txt	202	0c7997b74ba1b848b122f472e7f0a47cafd9c428b9e8f6a35a2218aab03fcece
dr-w8-rev-escape-harness-learns-the-refusal-sentence__crit2.txt	119	e625ecd80b118df19fcdf45d634f4175dec3678890f73682a5bae5288a21effe
dr-w8-rev-finderlive-still-pays-per-edge-queries__crit0.txt	179	520d874eeaec9329400f037a46e32ebd0c2f562a007e7e0975e6cd7ab0c8566f
dr-w8-rev-finderlive-still-pays-per-edge-queries__crit1.txt	238	4a377d2b17e3cef7beea135f0e88a45c8b692eadfb918521c7bfe5ae4a6927b7
dr-w8-rev-finderlive-still-pays-per-edge-queries__crit2.txt	152	73f2ceb38b28f7bf9abf995ed3f2ceb2dd9881c28a22f655611c2bc4e57eaae3
dr-w8-rev-stage-caption-collapse-to-raw__crit0.txt	111	2bb33f10b36a12bcc06f5755dc73216bfefd78eeee16a11fea91e72466a5f890
dr-w8-rev-stage-caption-collapse-to-raw__crit1.txt	193	52702419d338c0332cea8f4d567dc13b3a09543490ff89477e054c740d0f5eee
dr-w8-rev-stage-caption-collapse-to-raw__crit2.txt	122	913a9582507fa1b704b5f30b301898133965460f15c2051797df3be34b15c104
dr-w8-s4-followup-census-pct-precision__crit0.txt	228	87fa3cdc419a733e23b2dff92a7fa90358b1f9cbef1e753d107d1c476841e2c7
dr-w8-s4-followup-census-pct-precision__crit1.txt	101	d30f5d6939cf0b153a046a4ab2a24a25c03fabbf7a20aedf7c5b5581210e05ef
dr-w8-s4-followup-census-pct-precision__crit2.txt	131	95232516810b5af20b8eae1da592098b832c0e0068331c4cc71add028289a18e
dr-w8-s5-followup-serve-stderr-is-discarded__crit0.txt	360	b23edca26175371ffb1438e197c6fea552072edfbdd2a95785e2001488fc4eb5
dr-w8-s5-followup-serve-stderr-is-discarded__crit1.txt	248	cf9588a6c1b15a9c16cd9066804f986f59de047824ea306ece7172b9cd180df1
dr-w8-s5-followup-serve-stderr-is-discarded__crit2.txt	215	6a4e7a95c70d37dfd20dfca1078272eb32bddf4d6d7660e228f925e9a60da5ab
dr-w8-s5-followup-serve-stderr-is-discarded__crit3.txt	251	386bcff695271f32eff43ba13da91262637e5d0edfef3993481f99f456d60fd8
dr-w9-followup-prebuilt-terminal-409-also-lost__crit0.txt	130	7f8d53161456cdf5263104259fd11a973cb2bdb0a9ec12a7c165f2dea7e25949
dr-w9-followup-prebuilt-terminal-409-also-lost__crit1.txt	171	cff43504cf5019da990a69f58507aa48cd076cce07eb4107e7bfb22bcc3720eb
dr-w9-s6-the-rate-names-its-absorption__crit0.txt	233	9460dbdfa61a04197d97989cfbe3bb83be40b232b89f1f71c9489afbe192ba08
dr-w9-s6-the-rate-names-its-absorption__crit1.txt	241	47247040c9a478b61827452cb575b038964f497c70f3b8cf28ae65fbfe4ef0ea
dr-w9-s6-the-rate-names-its-absorption__crit2.txt	278	0fb694fe52d90e0b0915b706b4cf7f56a91fcd138c617063617196ff02bf17c8
dr-w9-s6-the-rate-names-its-absorption__crit3.txt	315	c1631681494629fbd8397ea3ff5662f1153b1c952b11ce413d7ad83a2c7a7c94
dr-w9-s6-the-rate-names-its-absorption__crit4.txt	283	0b8d41c9b3114ef0ace168149b51d54eb15df5e3789eeb20f28bda8a2e88dae6
dr-w9-s6-the-rate-names-its-absorption__crit5.txt	191	8dca9324491891959561b047b86287a35b1cef16089bad652cd29652aa346342
dr-w9-s6-the-rate-names-its-absorption__crit6.txt	194	a7c57765de23e19e77fdf2860d59a6a77745f6f49f7baaf26d91db4ea9d6075f
dr-w9-s6-the-rate-names-its-absorption__crit7.txt	138	aff31424258123be171da88dc6e91e3444685bf43a146f92dd0dbf7768c8bbb9
dr-w9-s6-the-rate-names-its-absorption__crit8.txt	270	fa16d6e589615a74390c9de63c1bf515443901085e8a1860a1464e4a4aed9401
dr-w9-s6-the-rate-names-its-absorption__crit9.txt	245	cbd4f86085c599bcd5d6bd3cefc1b19a52ff02953809b70fcdad7bee68fa240d
dr-w9-s6-the-rate-names-its-absorption__crit10.txt	97	767a69029e91019ceb1769d08e685133bc6797f9f508cfa500a1fc66ac572cfd
